Company,Fundamental Prediction,Sentiment Prediction,Technical Prediction,Final Decision
AAPL,Sell,Positive,Hold,Sell
AAPL,Buy,Positive,Hold,Buy
AAPL,Buy,Positive,Hold,Buy
AAPL,Buy,Negative,Hold,Sell
AAPL,Buy,Positive,Hold,Buy
AAPL,Buy,Positive,Hold,Buy
AAPL,Buy,Negative,Hold,Sell
AAPL,Buy,Positive,Hold,Buy
AAPL,Buy,Negative,Hold,Sell
AAPL,Sell,Positive,Hold,Sell
AAPL,Buy,Negative,Hold,Sell
AAPL,Buy,Positive,Hold,Buy
AAPL,Buy,Positive,Hold,Buy
AAPL,Sell,Negative,Hold,Sell
AAPL,Buy,Positive,Hold,Buy
AAPL,Buy,Positive,Hold,Buy
AAPL,Buy,Negative,Hold,Sell
AAPL,Buy,Positive,Hold,Buy
AAPL,Buy,Negative,Hold,Sell
AAPL,Buy,Positive,Hold,Buy
AAPL,Buy,Negative,Hold,Sell
AAPL,Buy,Positive,Hold,Buy
AAPL,Buy,Positive,Hold,Buy
AAPL,Buy,Negative,Hold,Sell
AAPL,Sell,Positive,Hold,Sell
AAPL,Buy,Positive,Hold,Buy
AAPL,Buy,Positive,Hold,Buy
AAPL,Buy,Positive,Hold,Buy
AAPL,Buy,Positive,Hold,Buy
AAPL,Buy,Positive,Hold,Buy
AAPL,Sell,Negative,Hold,Sell
AAPL,Sell,Negative,Hold,Sell
AAPL,Sell,Positive,Hold,Sell
AAPL,Buy,Negative,Hold,Sell
AAPL,Buy,Positive,Hold,Buy
AAPL,Buy,Positive,Hold,Buy
AAPL,Sell,Negative,Hold,Sell
AAPL,Sell,Positive,Hold,Sell
AAPL,Buy,Positive,Hold,Buy
AAPL,Buy,Positive,Hold,Buy
AAPL,Buy,Negative,Hold,Sell
AAPL,Buy,Positive,Hold,Buy
AAPL,Buy,Negative,Hold,Sell
AAPL,Sell,Positive,Hold,Sell
AAPL,Buy,Positive,Hold,Buy
AAPL,Sell,Positive,Hold,Sell
AAPL,Buy,Positive,Hold,Buy
AAPL,Buy,Positive,Hold,Buy
AAPL,Buy,Positive,Hold,Buy
AAPL,Buy,Positive,Hold,Buy
AAPL,Sell,Negative,Hold,Sell
AAPL,Buy,Positive,Hold,Buy
AAPL,Sell,Positive,Hold,Sell
AAPL,Buy,Positive,Hold,Buy
AAPL,Sell,Positive,Hold,Sell
AAPL,Buy,Negative,Hold,Sell
AAPL,Buy,Negative,Hold,Sell
AAPL,Sell,Negative,Hold,Sell
AAPL,Buy,Positive,Hold,Buy
AAPL,Buy,Positive,Hold,Buy
AAPL,Buy,Positive,Hold,Buy
AAPL,Sell,Negative,Hold,Sell
AAPL,Buy,Positive,Sell,Buy
AAPL,Sell,Positive,Sell,Sell
AAPL,Sell,Positive,Sell,Sell
AAPL,Buy,Positive,Hold,Buy
AAPL,Sell,Positive,Hold,Sell
AAPL,Sell,Positive,Hold,Sell
AAPL,Buy,Positive,Hold,Buy
AAPL,Sell,Positive,Hold,Sell
AAPL,Sell,Negative,Sell,Sell
AAPL,Sell,Positive,Hold,Sell
AAPL,Buy,Positive,Hold,Buy
AAPL,Sell,Positive,Sell,Sell
AAPL,Buy,Negative,Hold,Sell
AAPL,Sell,Positive,Sell,Sell
AAPL,Buy,Negative,Hold,Sell
AAPL,Buy,Positive,Hold,Buy
AAPL,Sell,Negative,Hold,Sell
AAPL,Buy,Positive,Hold,Buy
AAPL,Sell,Positive,Hold,Sell
AAPL,Buy,Positive,Hold,Buy
AAPL,Sell,Positive,Hold,Sell
AAPL,Buy,Positive,Hold,Buy
AAPL,Sell,Negative,Sell,Sell
AAPL,Buy,Positive,Hold,Buy
AAPL,Buy,Positive,Hold,Buy
AAPL,Buy,Positive,Hold,Buy
AAPL,Buy,Positive,Hold,Buy
AAPL,Sell,Positive,Sell,Sell
AAPL,Buy,Negative,Sell,Sell
AAPL,Sell,Positive,Sell,Sell
AAPL,Buy,Positive,Buy,Buy
AAPL,Buy,Negative,Hold,Sell
AAPL,Buy,Positive,Hold,Buy
AAPL,Buy,Positive,Sell,Buy
AAPL,Sell,Positive,Sell,Sell
AAPL,Buy,Negative,Hold,Sell
AAPL,Buy,Negative,Hold,Sell
AAPL,Sell,Positive,Hold,Sell
AAPL,Buy,Positive,Hold,Buy
AAPL,Buy,Positive,Sell,Buy
AAPL,Buy,Negative,Hold,Sell
AAPL,Buy,Positive,Hold,Buy
AAPL,Buy,Positive,Hold,Buy
AAPL,Sell,Negative,Hold,Sell
AAPL,Sell,Positive,Hold,Sell
AAPL,Sell,Positive,Hold,Sell
AAPL,Buy,Positive,Sell,Buy
AAPL,Buy,Positive,Buy,Buy
AAPL,Buy,Positive,Hold,Buy
AAPL,Buy,Positive,Hold,Buy
AAPL,Buy,Positive,Hold,Buy
AAPL,Buy,Positive,Hold,Buy
AAPL,Buy,Positive,Buy,Buy
AAPL,Sell,Negative,Hold,Sell
AAPL,Sell,Negative,Hold,Sell
AAPL,Buy,Positive,Hold,Buy
AAPL,Buy,Positive,Hold,Buy
AAPL,Buy,Positive,Hold,Buy
AAPL,Buy,Positive,Hold,Buy
AAPL,Sell,Positive,Hold,Sell
AAPL,Sell,Positive,Buy,Buy
AAPL,Buy,Positive,Hold,Buy
AAPL,Buy,Negative,Hold,Sell
AAPL,Buy,Positive,Hold,Buy
AAPL,Buy,Negative,Hold,Sell
AAPL,Sell,Positive,Hold,Sell
AAPL,Sell,Positive,Hold,Sell
AAPL,Buy,Positive,Hold,Buy
AAPL,Buy,Positive,Sell,Buy
AAPL,Sell,Positive,Buy,Buy
AAPL,Buy,Negative,Buy,Buy
AAPL,Sell,Negative,Hold,Sell
AAPL,Buy,Positive,Hold,Buy
AAPL,Buy,Positive,Hold,Buy
AAPL,Sell,Positive,Hold,Sell
AAPL,Buy,Positive,Hold,Buy
AAPL,Sell,Positive,Hold,Sell
AAPL,Buy,Positive,Hold,Buy
AAPL,Buy,Positive,Hold,Buy
AAPL,Sell,Positive,Hold,Sell
AAPL,Sell,Positive,Hold,Sell
AAPL,Buy,Positive,Hold,Buy
AAPL,Buy,Positive,Hold,Buy
AAPL,Buy,Positive,Hold,Buy
AAPL,Sell,Positive,Hold,Sell
AAPL,Sell,Positive,Hold,Sell
AAPL,Sell,Positive,Hold,Sell
AAPL,Buy,Negative,Hold,Sell
AAPL,Sell,Positive,Buy,Buy
AAPL,Sell,Positive,Hold,Sell
AAPL,Sell,Positive,Hold,Sell
AAPL,Buy,Negative,Hold,Sell
AAPL,Sell,Negative,Hold,Sell
AAPL,Buy,Positive,Hold,Buy
AAPL,Sell,Positive,Hold,Sell
AAPL,Buy,Positive,Hold,Buy
AAPL,Buy,Positive,Hold,Buy
AAPL,Sell,Negative,Hold,Sell
AAPL,Buy,Positive,Hold,Buy
AAPL,Buy,Positive,Buy,Buy
AAPL,Buy,Positive,Hold,Buy
AAPL,Buy,Positive,Hold,Buy
AAPL,Buy,Positive,Buy,Buy
AAPL,Buy,Positive,Hold,Buy
AAPL,Buy,Positive,Hold,Buy
AAPL,Sell,Positive,Hold,Sell
AAPL,Buy,Positive,Hold,Buy
AAPL,Sell,Positive,Hold,Sell
AAPL,Buy,Negative,Hold,Sell
AAPL,Buy,Positive,Hold,Buy
AAPL,Buy,Negative,Hold,Sell
AAPL,Sell,Positive,Hold,Sell
AAPL,Buy,Positive,Hold,Buy
AAPL,Buy,Positive,Buy,Buy
AAPL,Buy,Positive,Hold,Buy
AAPL,Buy,Positive,Hold,Buy
AAPL,Sell,Positive,Hold,Sell
AAPL,Buy,Positive,Hold,Buy
AAPL,Sell,Positive,Hold,Sell
AAPL,Sell,Positive,Hold,Sell
AAPL,Sell,Positive,Hold,Sell
AAPL,Sell,Positive,Hold,Sell
AAPL,Buy,Positive,Buy,Buy
AAPL,Sell,Positive,Hold,Sell
AAPL,Sell,Positive,Sell,Sell
AAPL,Buy,Negative,Buy,Buy
AAPL,Sell,Positive,Hold,Sell
AAPL,Buy,Positive,Sell,Buy
AAPL,Sell,Positive,Sell,Sell
AAPL,Sell,Positive,Hold,Sell
AAPL,Buy,Positive,Hold,Buy
AAPL,Sell,Positive,Hold,Sell
AAPL,Sell,Positive,Buy,Buy
AAPL,Buy,Positive,Hold,Buy
AAPL,Sell,Positive,Hold,Sell
AAPL,Buy,Positive,Hold,Buy
AAPL,Sell,Positive,Hold,Sell
AAPL,Sell,Positive,Hold,Sell
AAPL,Buy,Negative,Hold,Sell
AAPL,Buy,Positive,Hold,Buy
AAPL,Sell,Negative,Hold,Sell
AAPL,Buy,Negative,Sell,Sell
AAPL,Buy,Negative,Hold,Sell
AAPL,Buy,Positive,Hold,Buy
AAPL,Buy,Positive,Hold,Buy
AAPL,Buy,Positive,Hold,Buy
AAPL,Sell,Positive,Sell,Sell
AAPL,Buy,Positive,Hold,Buy
AAPL,Sell,Negative,Buy,Sell
AAPL,Buy,Positive,Hold,Buy
AAPL,Buy,Negative,Hold,Sell
AAPL,Sell,Positive,Hold,Sell
AAPL,Buy,Positive,Buy,Buy
AAPL,Buy,Positive,Hold,Buy
AAPL,Sell,Positive,Hold,Sell
AAPL,Sell,Positive,Hold,Sell
AAPL,Buy,Negative,Hold,Sell
AAPL,Buy,Positive,Hold,Buy
AAPL,Sell,Positive,Sell,Sell
AAPL,Sell,Positive,Hold,Sell
AAPL,Buy,Positive,Hold,Buy
AAPL,Buy,Positive,Sell,Buy
AAPL,Sell,Negative,Hold,Sell
AAPL,Buy,Positive,Hold,Buy
AAPL,Sell,Positive,Hold,Sell
AAPL,Sell,Negative,Hold,Sell
AAPL,Buy,Positive,Hold,Buy
AAPL,Buy,Positive,Hold,Buy
AAPL,Buy,Positive,Hold,Buy
AAPL,Buy,Positive,Hold,Buy
AAPL,Sell,Positive,Hold,Sell
AAPL,Buy,Positive,Hold,Buy
AAPL,Buy,Positive,Hold,Buy
AAPL,Buy,Positive,Hold,Buy
AAPL,Sell,Negative,Hold,Sell
AAPL,Buy,Positive,Hold,Buy
AAPL,Buy,Positive,Hold,Buy
AAPL,Buy,Positive,Hold,Buy
AAPL,Buy,Positive,Hold,Buy
AAPL,Sell,Positive,Hold,Sell
AAPL,Sell,Positive,Hold,Sell
AAPL,Buy,Negative,Hold,Sell
AAPL,Buy,Negative,Hold,Sell
AAPL,Buy,Positive,Hold,Buy
AAPL,Buy,Positive,Hold,Buy
AAPL,Buy,Positive,Hold,Buy
AAPL,Buy,Positive,Hold,Buy
AAPL,Sell,Negative,Hold,Sell
AAPL,Sell,Positive,Hold,Sell
AAPL,Buy,Positive,Hold,Buy
AAPL,Sell,Negative,Buy,Sell
AAPL,Sell,Negative,Hold,Sell
AAPL,Buy,Positive,Hold,Buy
AAPL,Sell,Negative,Hold,Sell
AAPL,Sell,Positive,Hold,Sell
AAPL,Buy,Positive,Hold,Buy
AAPL,Buy,Positive,Hold,Buy
AAPL,Buy,Positive,Hold,Buy
AAPL,Sell,Positive,Hold,Sell
AAPL,Buy,Positive,Hold,Buy
AAPL,Buy,Positive,Hold,Buy
AAPL,Sell,Positive,Hold,Sell
AAPL,Buy,Negative,Hold,Sell
AAPL,Buy,Negative,Hold,Sell
AAPL,Sell,Positive,Hold,Sell
AAPL,Sell,Negative,Hold,Sell
AAPL,Sell,Positive,Hold,Sell
AAPL,Sell,Positive,Hold,Sell
AAPL,Buy,Negative,Hold,Sell
AAPL,Sell,Positive,Hold,Sell
AAPL,Buy,Positive,Sell,Buy
AAPL,Sell,Positive,Sell,Sell
AAPL,Sell,Negative,Hold,Sell
AAPL,Buy,Positive,Hold,Buy
AAPL,Buy,Positive,Hold,Buy
AAPL,Sell,Negative,Hold,Sell
AAPL,Buy,Positive,Hold,Buy
AAPL,Buy,Positive,Hold,Buy
AAPL,Buy,Positive,Hold,Buy
AAPL,Buy,Positive,Hold,Buy
AAPL,Buy,Positive,Hold,Buy
AAPL,Sell,Positive,Hold,Sell
AAPL,Buy,Positive,Hold,Buy
AAPL,Sell,Positive,Hold,Sell
AAPL,Sell,Positive,Hold,Sell
AAPL,Sell,Positive,Buy,Buy
AAPL,Buy,Positive,Hold,Buy
AAPL,Buy,Positive,Hold,Buy
AAPL,Sell,Positive,Hold,Sell
AAPL,Buy,Positive,Hold,Buy
AAPL,Sell,Positive,Hold,Sell
AAPL,Sell,Positive,Hold,Sell
AAPL,Buy,Positive,Hold,Buy
AAPL,Sell,Negative,Hold,Sell
AAPL,Buy,Positive,Hold,Buy
AAPL,Buy,Positive,Buy,Buy
AAPL,Sell,Negative,Hold,Sell
AAPL,Sell,Positive,Hold,Sell
AAPL,Buy,Positive,Hold,Buy
AAPL,Sell,Negative,Hold,Sell
AAPL,Sell,Positive,Buy,Buy
AAPL,Sell,Positive,Hold,Sell
AAPL,Buy,Positive,Buy,Buy
AAPL,Sell,Positive,Buy,Buy
AAPL,Sell,Positive,Hold,Sell
AAPL,Buy,Positive,Hold,Buy
AAPL,Sell,Positive,Hold,Sell
AAPL,Sell,Positive,Buy,Buy
AAPL,Buy,Negative,Hold,Sell
AAPL,Buy,Positive,Hold,Buy
AAPL,Sell,Negative,Hold,Sell
AAPL,Buy,Negative,Hold,Sell
AAPL,Sell,Positive,Hold,Sell
AAPL,Sell,Positive,Hold,Sell
AAPL,Buy,Positive,Hold,Buy
AAPL,Buy,Positive,Hold,Buy
AAPL,Buy,Positive,Hold,Buy
AAPL,Buy,Positive,Hold,Buy
AAPL,Sell,Positive,Hold,Sell
AAPL,Buy,Positive,Hold,Buy
AAPL,Buy,Positive,Hold,Buy
AAPL,Sell,Positive,Hold,Sell
AAPL,Sell,Positive,Hold,Sell
AAPL,Buy,Positive,Hold,Buy
AAPL,Buy,Negative,Buy,Buy
AAPL,Buy,Positive,Hold,Buy
AAPL,Sell,Positive,Hold,Sell
AAPL,Buy,Positive,Hold,Buy
AAPL,Buy,Positive,Buy,Buy
AAPL,Buy,Positive,Hold,Buy
AAPL,Buy,Positive,Hold,Buy
AAPL,Buy,Positive,Hold,Buy
AAPL,Buy,Positive,Hold,Buy
AAPL,Buy,Positive,Buy,Buy
AAPL,Sell,Negative,Hold,Sell
AAPL,Buy,Positive,Hold,Buy
AAPL,Sell,Positive,Hold,Sell
AAPL,Buy,Positive,Buy,Buy
AAPL,Buy,Positive,Hold,Buy
AAPL,Buy,Positive,Hold,Buy
AAPL,Sell,Positive,Hold,Sell
AAPL,Buy,Negative,Hold,Sell
AAPL,Sell,Positive,Hold,Sell
AAPL,Buy,Positive,Hold,Buy
AAPL,Buy,Positive,Hold,Buy
AAPL,Sell,Positive,Hold,Sell
AAPL,Sell,Positive,Buy,Buy
AAPL,Sell,Positive,Buy,Buy
AAPL,Buy,Positive,Buy,Buy
AAPL,Buy,Positive,Buy,Buy
AAPL,Sell,Positive,Hold,Sell
AAPL,Sell,Negative,Hold,Sell
AAPL,Buy,Positive,Hold,Buy
AAPL,Buy,Positive,Hold,Buy
AAPL,Sell,Positive,Hold,Sell
AAPL,Sell,Positive,Hold,Sell
AAPL,Sell,Positive,Hold,Sell
AAPL,Buy,Positive,Buy,Buy
AAPL,Buy,Negative,Hold,Sell
AAPL,Sell,Positive,Hold,Sell
AAPL,Sell,Negative,Hold,Sell
AAPL,Buy,Positive,Hold,Buy
AAPL,Buy,Negative,Hold,Sell
AAPL,Sell,Positive,Hold,Sell
AAPL,Buy,Positive,Hold,Buy
AAPL,Sell,Positive,Sell,Sell
AAPL,Buy,Positive,Buy,Buy
AAPL,Sell,Positive,Hold,Sell
AAPL,Sell,Positive,Hold,Sell
AAPL,Sell,Positive,Hold,Sell
AAPL,Buy,Negative,Hold,Sell
AAPL,Sell,Positive,Hold,Sell
AAPL,Buy,Positive,Hold,Buy
AAPL,Sell,Positive,Hold,Sell
AAPL,Buy,Positive,Hold,Buy
AAPL,Buy,Positive,Buy,Buy
AAPL,Sell,Positive,Hold,Sell
AAPL,Buy,Positive,Hold,Buy
AAPL,Buy,Positive,Hold,Buy
AAPL,Buy,Positive,Buy,Buy
AAPL,Buy,Positive,Hold,Buy
AAPL,Buy,Positive,Buy,Buy
AAPL,Buy,Positive,Hold,Buy
AAPL,Buy,Positive,Buy,Buy
AAPL,Buy,Negative,Hold,Sell
AAPL,Buy,Positive,Hold,Buy
AAPL,Sell,Positive,Hold,Sell
AAPL,Buy,Positive,Buy,Buy
AAPL,Buy,Positive,Hold,Buy
AAPL,Buy,Positive,Hold,Buy
AAPL,Buy,Positive,Hold,Buy
AAPL,Buy,Positive,Hold,Buy
AAPL,Buy,Positive,Sell,Buy
AAPL,Buy,Positive,Hold,Buy
AAPL,Buy,Positive,Hold,Buy
AAPL,Sell,Positive,Hold,Sell
AAPL,Buy,Positive,Hold,Buy
AAPL,Sell,Positive,Hold,Sell
AAPL,Buy,Positive,Hold,Buy
AAPL,Buy,Negative,Hold,Sell
AAPL,Sell,Positive,Buy,Buy
AAPL,Sell,Negative,Hold,Sell
AAPL,Buy,Negative,Buy,Buy
AAPL,Buy,Positive,Hold,Buy
AAPL,Sell,Positive,Buy,Buy
AAPL,Buy,Positive,Hold,Buy
AAPL,Buy,Positive,Hold,Buy
AAPL,Buy,Negative,Hold,Sell
AAPL,Sell,Positive,Hold,Sell
AAPL,Buy,Positive,Hold,Buy
AAPL,Buy,Negative,Hold,Sell
AAPL,Buy,Positive,Hold,Buy
AAPL,Sell,Positive,Hold,Sell
AAPL,Buy,Negative,Hold,Sell
AAPL,Sell,Positive,Hold,Sell
AAPL,Buy,Positive,Hold,Buy
AAPL,Buy,Positive,Hold,Buy
AAPL,Sell,Negative,Hold,Sell
AAPL,Sell,Positive,Hold,Sell
AAPL,Sell,Positive,Hold,Sell
AAPL,Buy,Negative,Buy,Buy
AAPL,Buy,Positive,Hold,Buy
AAPL,Buy,Negative,Hold,Sell
AAPL,Buy,Negative,Hold,Sell
AAPL,Buy,Negative,Hold,Sell
AAPL,Buy,Positive,Hold,Buy
AAPL,Buy,Positive,Hold,Buy
AAPL,Buy,Positive,Hold,Buy
AAPL,Buy,Positive,Hold,Buy
AAPL,Buy,Positive,Hold,Buy
AAPL,Sell,Negative,Hold,Sell
AAPL,Buy,Positive,Hold,Buy
AAPL,Buy,Positive,Hold,Buy
AAPL,Sell,Positive,Sell,Sell
AAPL,Buy,Positive,Hold,Buy
AAPL,Sell,Positive,Hold,Sell
AAPL,Buy,Positive,Hold,Buy
AAPL,Buy,Positive,Hold,Buy
AAPL,Sell,Negative,Hold,Sell
AAPL,Sell,Positive,Hold,Sell
AAPL,Sell,Positive,Hold,Sell
AAPL,Buy,Positive,Hold,Buy
AAPL,Sell,Positive,Sell,Sell
AAPL,Buy,Positive,Hold,Buy
AAPL,Buy,Positive,Sell,Buy
AAPL,Sell,Negative,Hold,Sell
AAPL,Sell,Negative,Hold,Sell
AAPL,Buy,Positive,Hold,Buy
AAPL,Buy,Negative,Hold,Sell
AAPL,Buy,Positive,Hold,Buy
AAPL,Buy,Negative,Hold,Sell
AAPL,Sell,Negative,Sell,Sell
AAPL,Sell,Positive,Hold,Sell
AAPL,Buy,Positive,Hold,Buy
AAPL,Sell,Positive,Hold,Sell
AAPL,Sell,Positive,Sell,Sell
AAPL,Sell,Negative,Hold,Sell
AAPL,Buy,Negative,Hold,Sell
AAPL,Buy,Positive,Hold,Buy
AAPL,Buy,Positive,Hold,Buy
AAPL,Sell,Positive,Sell,Sell
AAPL,Buy,Positive,Hold,Buy
AAPL,Sell,Negative,Sell,Sell
AAPL,Sell,Positive,Hold,Sell
AAPL,Buy,Positive,Hold,Buy
AAPL,Buy,Positive,Hold,Buy
AAPL,Buy,Positive,Hold,Buy
AAPL,Buy,Negative,Buy,Buy
AAPL,Buy,Positive,Hold,Buy
AAPL,Buy,Positive,Hold,Buy
AAPL,Sell,Positive,Hold,Sell
AAPL,Buy,Negative,Hold,Sell
AAPL,Buy,Negative,Hold,Sell
AAPL,Sell,Positive,Hold,Sell
AAPL,Buy,Negative,Buy,Buy
AAPL,Buy,Positive,Buy,Buy
AAPL,Buy,Negative,Hold,Sell
AAPL,Buy,Positive,Hold,Buy
AAPL,Buy,Negative,Buy,Buy
AAPL,Sell,Positive,Hold,Sell
AAPL,Buy,Positive,Hold,Buy
AAPL,Sell,Positive,Hold,Sell
AAPL,Buy,Positive,Buy,Buy
AAPL,Sell,Positive,Hold,Sell
AAPL,Sell,Positive,Hold,Sell
AAPL,Buy,Positive,Hold,Buy
AAPL,Buy,Positive,Hold,Buy
AAPL,Buy,Positive,Hold,Buy
AAPL,Buy,Negative,Hold,Sell
AAPL,Buy,Negative,Hold,Sell
AAPL,Buy,Negative,Hold,Sell
AAPL,Buy,Negative,Buy,Buy
AAPL,Buy,Positive,Hold,Buy
AAPL,Buy,Positive,Sell,Buy
AAPL,Sell,Negative,Hold,Sell
AAPL,Buy,Positive,Hold,Buy
AAPL,Buy,Negative,Hold,Sell
AAPL,Sell,Positive,Hold,Sell
AAPL,Buy,Positive,Hold,Buy
AAPL,Sell,Negative,Buy,Sell
AAPL,Buy,Positive,Buy,Buy
AAPL,Buy,Positive,Hold,Buy
AAPL,Buy,Negative,Hold,Sell
AAPL,Buy,Positive,Hold,Buy
AAPL,Buy,Negative,Buy,Buy
AAPL,Sell,Positive,Hold,Sell
AAPL,Buy,Negative,Hold,Sell
AAPL,Buy,Positive,Sell,Buy
AAPL,Sell,Positive,Hold,Sell
AAPL,Buy,Positive,Sell,Buy
AAPL,Buy,Positive,Hold,Buy
AAPL,Sell,Negative,Hold,Sell
AAPL,Buy,Positive,Hold,Buy
AAPL,Buy,Positive,Buy,Buy
AAPL,Buy,Negative,Hold,Sell
AAPL,Sell,Positive,Hold,Sell
AAPL,Buy,Positive,Hold,Buy
AAPL,Sell,Positive,Hold,Sell
AAPL,Sell,Negative,Hold,Sell
AAPL,Buy,Positive,Hold,Buy
AAPL,Sell,Negative,Hold,Sell
AAPL,Sell,Positive,Hold,Sell
AAPL,Buy,Negative,Hold,Sell
AAPL,Buy,Negative,Hold,Sell
AAPL,Buy,Negative,Hold,Sell
AAPL,Buy,Positive,Hold,Buy
AAPL,Sell,Negative,Hold,Sell
AAPL,Sell,Positive,Hold,Sell
AAPL,Buy,Positive,Sell,Buy
AAPL,Sell,Positive,Sell,Sell
AAPL,Sell,Positive,Hold,Sell
AAPL,Sell,Positive,Buy,Buy
AAPL,Sell,Positive,Hold,Sell
AAPL,Sell,Negative,Buy,Sell
AAPL,Buy,Positive,Sell,Buy
AAPL,Sell,Positive,Hold,Sell
AAPL,Sell,Negative,Hold,Sell
AAPL,Buy,Positive,Sell,Buy
AAPL,Buy,Positive,Hold,Buy
AAPL,Sell,Positive,Hold,Sell
AAPL,Buy,Positive,Hold,Buy
AAPL,Sell,Positive,Hold,Sell
AAPL,Buy,Positive,Hold,Buy
AAPL,Sell,Negative,Buy,Sell
AAPL,Buy,Negative,Hold,Sell
AAPL,Sell,Positive,Sell,Sell
AAPL,Sell,Negative,Hold,Sell
AAPL,Sell,Positive,Hold,Sell
AAPL,Buy,Negative,Hold,Sell
AAPL,Buy,Negative,Hold,Sell
AAPL,Sell,Positive,Sell,Sell
AAPL,Sell,Negative,Sell,Sell
AAPL,Sell,Negative,Hold,Sell
AAPL,Buy,Positive,Hold,Buy
AAPL,Sell,Negative,Sell,Sell
AAPL,Buy,Positive,Hold,Buy
AAPL,Buy,Positive,Sell,Buy
AAPL,Buy,Positive,Hold,Buy
AAPL,Sell,Positive,Hold,Sell
AAPL,Sell,Positive,Hold,Sell
AAPL,Sell,Positive,Sell,Sell
AAPL,Sell,Positive,Hold,Sell
AAPL,Sell,Negative,Sell,Sell
AAPL,Sell,Positive,Hold,Sell
AAPL,Buy,Positive,Hold,Buy
AAPL,Sell,Positive,Sell,Sell
AAPL,Sell,Positive,Hold,Sell
AAPL,Sell,Negative,Hold,Sell
AAPL,Buy,Negative,Hold,Sell
AAPL,Buy,Positive,Hold,Buy
AAPL,Buy,Positive,Hold,Buy
AAPL,Buy,Positive,Hold,Buy
AAPL,Buy,Positive,Hold,Buy
AAPL,Buy,Positive,Hold,Buy
AAPL,Buy,Positive,Hold,Buy
AAPL,Buy,Positive,Hold,Buy
AAPL,Buy,Positive,Hold,Buy
AAPL,Buy,Positive,Hold,Buy
AAPL,Buy,Positive,Hold,Buy
AAPL,Sell,Negative,Hold,Sell
AAPL,Sell,Positive,Hold,Sell
AAPL,Sell,Positive,Sell,Sell
AAPL,Buy,Negative,Sell,Sell
AAPL,Sell,Negative,Hold,Sell
AAPL,Sell,Positive,Hold,Sell
AAPL,Sell,Positive,Sell,Sell
AAPL,Sell,Positive,Hold,Sell
AAPL,Sell,Positive,Sell,Sell
AAPL,Sell,Negative,Sell,Sell
AAPL,Buy,Negative,Hold,Sell
AAPL,Sell,Negative,Hold,Sell
AAPL,Buy,Negative,Hold,Sell
AAPL,Buy,Positive,Hold,Buy
AAPL,Sell,Positive,Hold,Sell
AAPL,Sell,Negative,Hold,Sell
AAPL,Sell,Positive,Hold,Sell
AAPL,Buy,Positive,Hold,Buy
AAPL,Sell,Positive,Hold,Sell
AAPL,Buy,Positive,Hold,Buy
AAPL,Buy,Positive,Hold,Buy
AAPL,Sell,Positive,Hold,Sell
AAPL,Buy,Positive,Hold,Buy
AAPL,Sell,Positive,Sell,Sell
AAPL,Buy,Positive,Hold,Buy
AAPL,Sell,Positive,Hold,Sell
AAPL,Sell,Positive,Hold,Sell
AAPL,Sell,Positive,Hold,Sell
AAPL,Sell,Positive,Hold,Sell
AAPL,Sell,Positive,Hold,Sell
AAPL,Buy,Positive,Hold,Buy
AAPL,Buy,Positive,Hold,Buy
AAPL,Buy,Negative,Hold,Sell
AAPL,Buy,Positive,Hold,Buy
AAPL,Sell,Positive,Hold,Sell
AAPL,Sell,Negative,Hold,Sell
AAPL,Sell,Positive,Hold,Sell
AAPL,Buy,Positive,Hold,Buy
AAPL,Buy,Positive,Hold,Buy
AAPL,Buy,Negative,Hold,Sell
AAPL,Buy,Positive,Hold,Buy
AAPL,Buy,Positive,Hold,Buy
AAPL,Sell,Positive,Hold,Sell
AAPL,Sell,Positive,Hold,Sell
AAPL,Buy,Positive,Hold,Buy
AAPL,Sell,Positive,Hold,Sell
AAPL,Sell,Negative,Hold,Sell
AAPL,Buy,Positive,Sell,Buy
AAPL,Sell,Negative,Sell,Sell
AAPL,Sell,Negative,Hold,Sell
AAPL,Sell,Positive,Hold,Sell
AAPL,Buy,Positive,Hold,Buy
AAPL,Sell,Positive,Hold,Sell
AAPL,Sell,Negative,Hold,Sell
AAPL,Sell,Negative,Hold,Sell
AAPL,Buy,Positive,Hold,Buy
AAPL,Buy,Positive,Buy,Buy
AAPL,Sell,Positive,Hold,Sell
AAPL,Buy,Positive,Hold,Buy
AAPL,Buy,Positive,Hold,Buy
AAPL,Sell,Positive,Hold,Sell
AAPL,Sell,Positive,Hold,Sell
AAPL,Buy,Positive,Buy,Buy
AAPL,Buy,Positive,Hold,Buy
AAPL,Buy,Negative,Buy,Buy
AAPL,Buy,Positive,Hold,Buy
AAPL,Buy,Negative,Hold,Sell
AAPL,Buy,Positive,Hold,Buy
AAPL,Buy,Negative,Hold,Sell
AAPL,Sell,Positive,Buy,Buy
AAPL,Sell,Positive,Buy,Buy
AAPL,Buy,Positive,Buy,Buy
AAPL,Buy,Negative,Hold,Sell
AAPL,Buy,Positive,Hold,Buy
AAPL,Sell,Positive,Sell,Sell
AAPL,Buy,Positive,Hold,Buy
AAPL,Buy,Positive,Hold,Buy
AAPL,Buy,Positive,Hold,Buy
AAPL,Sell,Positive,Hold,Sell
AAPL,Sell,Positive,Hold,Sell
AAPL,Sell,Negative,Hold,Sell
AAPL,Buy,Positive,Hold,Buy
AAPL,Buy,Negative,Hold,Sell
AAPL,Buy,Positive,Hold,Buy
AAPL,Buy,Positive,Hold,Buy
AAPL,Sell,Positive,Hold,Sell
AAPL,Buy,Positive,Hold,Buy
AAPL,Sell,Negative,Sell,Sell
AAPL,Buy,Positive,Hold,Buy
AAPL,Sell,Positive,Hold,Sell
AAPL,Buy,Positive,Hold,Buy
AAPL,Buy,Positive,Hold,Buy
AAPL,Sell,Positive,Sell,Sell
AAPL,Buy,Positive,Hold,Buy
AAPL,Buy,Positive,Buy,Buy
AAPL,Sell,Positive,Hold,Sell
AAPL,Buy,Positive,Hold,Buy
AAPL,Buy,Positive,Hold,Buy
AAPL,Sell,Positive,Hold,Sell
AAPL,Sell,Positive,Hold,Sell
AAPL,Sell,Positive,Hold,Sell
AAPL,Buy,Positive,Hold,Buy
AAPL,Buy,Positive,Hold,Buy
AAPL,Sell,Positive,Hold,Sell
AAPL,Sell,Positive,Hold,Sell
AAPL,Sell,Positive,Hold,Sell
AAPL,Sell,Positive,Hold,Sell
AAPL,Buy,Positive,Sell,Buy
AAPL,Sell,Positive,Hold,Sell
AAPL,Sell,Positive,Hold,Sell
AAPL,Buy,Negative,Hold,Sell
AAPL,Buy,Negative,Hold,Sell
AAPL,Buy,Positive,Hold,Buy
AAPL,Buy,Positive,Hold,Buy
AAPL,Sell,Positive,Hold,Sell
AAPL,Buy,Positive,Hold,Buy
AAPL,Sell,Negative,Hold,Sell
AAPL,Sell,Positive,Hold,Sell
AAPL,Buy,Positive,Hold,Buy
AAPL,Buy,Positive,Hold,Buy
AAPL,Sell,Positive,Hold,Sell
AAPL,Buy,Negative,Hold,Sell
AAPL,Sell,Positive,Hold,Sell
AAPL,Buy,Negative,Hold,Sell
AAPL,Buy,Positive,Hold,Buy
AAPL,Buy,Positive,Hold,Buy
AAPL,Sell,Positive,Hold,Sell
AAPL,Sell,Positive,Hold,Sell
AAPL,Buy,Positive,Hold,Buy
AAPL,Buy,Negative,Hold,Sell
AAPL,Buy,Positive,Hold,Buy
AAPL,Buy,Positive,Hold,Buy
AAPL,Sell,Positive,Sell,Sell
AAPL,Buy,Positive,Hold,Buy
AAPL,Sell,Positive,Hold,Sell
AAPL,Sell,Positive,Hold,Sell
AAPL,Buy,Positive,Hold,Buy
AAPL,Sell,Negative,Hold,Sell
AAPL,Buy,Positive,Hold,Buy
AAPL,Sell,Positive,Hold,Sell
AAPL,Buy,Positive,Hold,Buy
AAPL,Buy,Positive,Hold,Buy
AAPL,Buy,Positive,Hold,Buy
AAPL,Buy,Positive,Hold,Buy
AAPL,Buy,Positive,Hold,Buy
AAPL,Sell,Positive,Hold,Sell
AAPL,Sell,Positive,Hold,Sell
AAPL,Buy,Positive,Hold,Buy
AAPL,Sell,Positive,Hold,Sell
AAPL,Sell,Positive,Hold,Sell
AAPL,Sell,Positive,Hold,Sell
AAPL,Sell,Negative,Hold,Sell
AAPL,Sell,Positive,Sell,Sell
AAPL,Buy,Positive,Hold,Buy
AAPL,Sell,Positive,Hold,Sell
AAPL,Sell,Positive,Hold,Sell
AAPL,Buy,Positive,Hold,Buy
AAPL,Buy,Negative,Hold,Sell
AAPL,Buy,Positive,Hold,Buy
AAPL,Sell,Positive,Hold,Sell
AAPL,Sell,Positive,Hold,Sell
AAPL,Buy,Positive,Hold,Buy
AAPL,Sell,Positive,Hold,Sell
AAPL,Sell,Positive,Sell,Sell
AAPL,Buy,Positive,Hold,Buy
AAPL,Buy,Positive,Hold,Buy
AAPL,Buy,Positive,Hold,Buy
AAPL,Sell,Positive,Hold,Sell
AAPL,Sell,Positive,Sell,Sell
AAPL,Buy,Positive,Hold,Buy
AAPL,Buy,Positive,Hold,Buy
AAPL,Buy,Positive,Hold,Buy
AAPL,Buy,Positive,Hold,Buy
AAPL,Sell,Positive,Hold,Sell
AAPL,Sell,Negative,Sell,Sell
AAPL,Buy,Positive,Hold,Buy
AAPL,Sell,Positive,Hold,Sell
AAPL,Buy,Negative,Hold,Sell
AAPL,Buy,Positive,Hold,Buy
AAPL,Sell,Positive,Hold,Sell
AAPL,Sell,Negative,Hold,Sell
AAPL,Sell,Positive,Hold,Sell
AAPL,Sell,Positive,Hold,Sell
AAPL,Sell,Positive,Buy,Buy
AAPL,Buy,Negative,Hold,Sell
AAPL,Sell,Positive,Hold,Sell
AAPL,Sell,Positive,Hold,Sell
AAPL,Sell,Negative,Buy,Sell
AAPL,Sell,Positive,Hold,Sell
AAPL,Buy,Negative,Sell,Sell
AAPL,Buy,Positive,Hold,Buy
AAPL,Sell,Positive,Hold,Sell
AAPL,Buy,Positive,Buy,Buy
AAPL,Sell,Negative,Hold,Sell
AAPL,Sell,Positive,Buy,Buy
AAPL,Buy,Negative,Hold,Sell
AAPL,Buy,Negative,Hold,Sell
AAPL,Buy,Positive,Hold,Buy
AAPL,Buy,Positive,Buy,Buy
AAPL,Buy,Negative,Hold,Sell
AAPL,Buy,Negative,Buy,Buy
AAPL,Sell,Positive,Hold,Sell
AAPL,Buy,Negative,Hold,Sell
AAPL,Buy,Positive,Hold,Buy
AAPL,Buy,Negative,Buy,Buy
AAPL,Buy,Negative,Buy,Buy
AAPL,Buy,Negative,Hold,Sell
AAPL,Buy,Positive,Hold,Buy
AAPL,Buy,Positive,Hold,Buy
AAPL,Sell,Positive,Buy,Buy
AAPL,Buy,Positive,Hold,Buy
AAPL,Buy,Positive,Buy,Buy
AAPL,Buy,Negative,Hold,Sell
AAPL,Buy,Positive,Hold,Buy
AAPL,Sell,Positive,Sell,Sell
AAPL,Buy,Positive,Hold,Buy
AAPL,Sell,Positive,Hold,Sell
AAPL,Sell,Positive,Hold,Sell
AAPL,Buy,Positive,Hold,Buy
AAPL,Buy,Positive,Hold,Buy
AAPL,Buy,Negative,Buy,Buy
AAPL,Buy,Positive,Hold,Buy
AAPL,Buy,Positive,Hold,Buy
AAPL,Buy,Negative,Hold,Sell
AAPL,Sell,Positive,Hold,Sell
AAPL,Buy,Positive,Hold,Buy
AAPL,Sell,Positive,Buy,Buy
AAPL,Sell,Positive,Buy,Buy
AAPL,Buy,Positive,Hold,Buy
AAPL,Buy,Positive,Hold,Buy
AAPL,Sell,Positive,Buy,Buy
AAPL,Buy,Positive,Hold,Buy
AAPL,Buy,Positive,Hold,Buy
AAPL,Buy,Positive,Hold,Buy
AAPL,Sell,Negative,Hold,Sell
AAPL,Buy,Positive,Hold,Buy
AAPL,Sell,Positive,Hold,Sell
AAPL,Sell,Positive,Hold,Sell
AAPL,Buy,Positive,Hold,Buy
AAPL,Buy,Negative,Hold,Sell
AAPL,Buy,Negative,Hold,Sell
AAPL,Buy,Positive,Hold,Buy
AAPL,Sell,Positive,Hold,Sell
AAPL,Buy,Positive,Hold,Buy
AAPL,Buy,Positive,Hold,Buy
AAPL,Sell,Positive,Hold,Sell
AAPL,Buy,Positive,Hold,Buy
AAPL,Buy,Positive,Hold,Buy
AAPL,Sell,Negative,Hold,Sell
AAPL,Sell,Positive,Hold,Sell
AAPL,Buy,Positive,Hold,Buy
AAPL,Buy,Positive,Hold,Buy
AAPL,Buy,Positive,Hold,Buy
AAPL,Buy,Positive,Hold,Buy
AAPL,Sell,Negative,Hold,Sell
AAPL,Sell,Positive,Hold,Sell
AAPL,Buy,Positive,Hold,Buy
AAPL,Buy,Positive,Hold,Buy
AAPL,Sell,Positive,Hold,Sell
AAPL,Sell,Positive,Buy,Buy
AAPL,Buy,Positive,Hold,Buy
AAPL,Sell,Positive,Sell,Sell
AAPL,Buy,Negative,Sell,Sell
AAPL,Sell,Negative,Sell,Sell
AAPL,Buy,Positive,Hold,Buy
AAPL,Sell,Positive,Sell,Sell
AAPL,Sell,Negative,Hold,Sell
AAPL,Buy,Negative,Sell,Sell
AAPL,Sell,Positive,Hold,Sell
AAPL,Buy,Negative,Hold,Sell
AAPL,Buy,Negative,Hold,Sell
AAPL,Buy,Positive,Hold,Buy
AAPL,Buy,Negative,Hold,Sell
AAPL,Sell,Negative,Hold,Sell
AAPL,Sell,Negative,Hold,Sell
AAPL,Buy,Positive,Hold,Buy
AAPL,Buy,Positive,Hold,Buy
AAPL,Buy,Negative,Hold,Sell
AAPL,Sell,Negative,Hold,Sell
AAPL,Buy,Positive,Sell,Buy
AAPL,Buy,Positive,Hold,Buy
AAPL,Sell,Positive,Hold,Sell
AAPL,Sell,Positive,Hold,Sell
AAPL,Buy,Positive,Hold,Buy
AAPL,Sell,Positive,Hold,Sell
AAPL,Buy,Negative,Hold,Sell
AAPL,Sell,Positive,Hold,Sell
AAPL,Buy,Positive,Hold,Buy
AAPL,Sell,Negative,Hold,Sell
AAPL,Buy,Positive,Hold,Buy
AAPL,Sell,Positive,Hold,Sell
AAPL,Buy,Positive,Hold,Buy
AAPL,Buy,Positive,Hold,Buy
AAPL,Sell,Positive,Hold,Sell
AAPL,Buy,Positive,Hold,Buy
AAPL,Sell,Negative,Hold,Sell
AAPL,Sell,Positive,Hold,Sell
AAPL,Buy,Positive,Hold,Buy
AAPL,Sell,Positive,Hold,Sell
AAPL,Buy,Negative,Hold,Sell
AAPL,Buy,Positive,Hold,Buy
AAPL,Buy,Negative,Hold,Sell
AAPL,Buy,Negative,Hold,Sell
AAPL,Buy,Positive,Hold,Buy
AAPL,Buy,Positive,Hold,Buy
AAPL,Sell,Negative,Hold,Sell
AAPL,Buy,Negative,Hold,Sell
AAPL,Sell,Negative,Hold,Sell
AAPL,Buy,Positive,Hold,Buy
AAPL,Buy,Positive,Hold,Buy
AAPL,Sell,Negative,Hold,Sell
AAPL,Buy,Positive,Hold,Buy
AAPL,Buy,Positive,Hold,Buy
AAPL,Buy,Positive,Buy,Buy
AAPL,Buy,Positive,Hold,Buy
AAPL,Sell,Positive,Buy,Buy
AAPL,Sell,Positive,Buy,Buy
AAPL,Buy,Positive,Sell,Buy
AAPL,Sell,Negative,Hold,Sell
AAPL,Sell,Positive,Buy,Buy
AAPL,Sell,Positive,Hold,Sell
AAPL,Buy,Positive,Buy,Buy
AAPL,Buy,Positive,Hold,Buy
AAPL,Buy,Positive,Buy,Buy
AAPL,Buy,Positive,Hold,Buy
AAPL,Buy,Negative,Hold,Sell
AAPL,Buy,Positive,Buy,Buy
AAPL,Buy,Positive,Hold,Buy
AAPL,Sell,Positive,Buy,Buy
AAPL,Buy,Positive,Hold,Buy
AAPL,Sell,Positive,Buy,Buy
AAPL,Buy,Positive,Buy,Buy
AAPL,Sell,Positive,Hold,Sell
AAPL,Buy,Positive,Hold,Buy
AAPL,Buy,Positive,Buy,Buy
AAPL,Sell,Positive,Hold,Sell
AAPL,Sell,Negative,Hold,Sell
AAPL,Sell,Positive,Hold,Sell
AAPL,Sell,Positive,Sell,Sell
AAPL,Sell,Positive,Hold,Sell
AAPL,Buy,Positive,Hold,Buy
AAPL,Sell,Positive,Buy,Buy
AAPL,Sell,Positive,Hold,Sell
AAPL,Sell,Positive,Sell,Sell
AAPL,Buy,Positive,Hold,Buy
AAPL,Sell,Positive,Hold,Sell
AAPL,Sell,Positive,Hold,Sell
AAPL,Sell,Positive,Hold,Sell
AAPL,Buy,Positive,Hold,Buy
AAPL,Buy,Positive,Hold,Buy
AAPL,Buy,Positive,Buy,Buy
AAPL,Buy,Positive,Hold,Buy
AAPL,Sell,Positive,Hold,Sell
AAPL,Sell,Positive,Hold,Sell
AAPL,Buy,Positive,Hold,Buy
AAPL,Buy,Positive,Hold,Buy
AAPL,Buy,Positive,Hold,Buy
AAPL,Buy,Positive,Hold,Buy
AAPL,Buy,Positive,Hold,Buy
AAPL,Buy,Positive,Hold,Buy
AAPL,Sell,Positive,Hold,Sell
AAPL,Buy,Positive,Hold,Buy
AAPL,Buy,Negative,Hold,Sell
AAPL,Sell,Positive,Hold,Sell
AAPL,Sell,Positive,Hold,Sell
AAPL,Buy,Positive,Hold,Buy
AAPL,Buy,Positive,Hold,Buy
AAPL,Sell,Positive,Buy,Buy
AAPL,Buy,Positive,Hold,Buy
AAPL,Buy,Positive,Hold,Buy
AAPL,Sell,Negative,Hold,Sell
AAPL,Sell,Positive,Buy,Buy
AAPL,Buy,Positive,Hold,Buy
AAPL,Buy,Positive,Hold,Buy
AAPL,Sell,Positive,Buy,Buy
AAPL,Sell,Positive,Hold,Sell
AAPL,Buy,Positive,Hold,Buy
AAPL,Sell,Positive,Hold,Sell
AAPL,Sell,Positive,Hold,Sell
AAPL,Sell,Negative,Hold,Sell
AAPL,Buy,Positive,Hold,Buy
AAPL,Buy,Positive,Hold,Buy
AAPL,Buy,Positive,Hold,Buy
AAPL,Buy,Positive,Buy,Buy
AAPL,Sell,Positive,Hold,Sell
AAPL,Buy,Negative,Hold,Sell
AAPL,Buy,Positive,Hold,Buy
AAPL,Sell,Positive,Hold,Sell
AAPL,Buy,Positive,Hold,Buy
AAPL,Sell,Negative,Hold,Sell
AAPL,Buy,Positive,Hold,Buy
AAPL,Sell,Positive,Buy,Buy
AAPL,Sell,Positive,Hold,Sell
AAPL,Buy,Positive,Hold,Buy
AAPL,Sell,Negative,Buy,Sell
AAPL,Sell,Negative,Buy,Sell
AAPL,Sell,Positive,Sell,Sell
AAPL,Buy,Negative,Hold,Sell
AAPL,Buy,Positive,Hold,Buy
AAPL,Buy,Positive,Hold,Buy
AAPL,Buy,Positive,Buy,Buy
AAPL,Buy,Positive,Hold,Buy
AAPL,Buy,Positive,Hold,Buy
AAPL,Buy,Positive,Hold,Buy
AAPL,Buy,Negative,Buy,Buy
AAPL,Buy,Positive,Hold,Buy
AAPL,Sell,Positive,Hold,Sell
AAPL,Buy,Positive,Hold,Buy
AAPL,Sell,Positive,Buy,Buy
AAPL,Buy,Positive,Hold,Buy
AAPL,Buy,Positive,Hold,Buy
AAPL,Buy,Positive,Hold,Buy
AAPL,Sell,Positive,Hold,Sell
AAPL,Buy,Positive,Buy,Buy
AAPL,Sell,Positive,Hold,Sell
AAPL,Buy,Positive,Hold,Buy
AAPL,Sell,Positive,Hold,Sell
AAPL,Buy,Positive,Hold,Buy
AAPL,Buy,Positive,Hold,Buy
AAPL,Buy,Positive,Hold,Buy
AAPL,Buy,Positive,Hold,Buy
AAPL,Buy,Positive,Hold,Buy
AAPL,Buy,Positive,Hold,Buy
AAPL,Buy,Positive,Sell,Buy
AAPL,Sell,Positive,Buy,Buy
AAPL,Buy,Positive,Hold,Buy
AAPL,Buy,Negative,Hold,Sell
AAPL,Sell,Positive,Hold,Sell
AAPL,Buy,Positive,Sell,Buy
AAPL,Sell,Positive,Hold,Sell
AAPL,Sell,Positive,Buy,Buy
AAPL,Buy,Positive,Hold,Buy
AAPL,Sell,Negative,Hold,Sell
AAPL,Sell,Positive,Buy,Buy
AAPL,Sell,Positive,Sell,Sell
AAPL,Sell,Negative,Hold,Sell
AAPL,Sell,Negative,Buy,Sell
AAPL,Sell,Positive,Buy,Buy
AAPL,Buy,Negative,Hold,Sell
AAPL,Buy,Negative,Hold,Sell
AAPL,Buy,Positive,Hold,Buy
AAPL,Sell,Positive,Hold,Sell
AAPL,Sell,Positive,Hold,Sell
AAPL,Sell,Positive,Hold,Sell
AAPL,Buy,Positive,Sell,Buy
AAPL,Buy,Positive,Hold,Buy
AAPL,Buy,Negative,Hold,Sell
AAPL,Buy,Positive,Sell,Buy
AAPL,Sell,Negative,Sell,Sell
AAPL,Sell,Positive,Hold,Sell
AAPL,Sell,Positive,Sell,Sell
AAPL,Buy,Negative,Sell,Sell
AAPL,Buy,Positive,Hold,Buy
AAPL,Buy,Negative,Hold,Sell
AAPL,Buy,Positive,Sell,Buy
AAPL,Buy,Positive,Sell,Buy
AAPL,Sell,Positive,Sell,Sell
AAPL,Sell,Negative,Sell,Sell
AAPL,Sell,Positive,Sell,Sell
AAPL,Sell,Negative,Sell,Sell
AAPL,Sell,Positive,Hold,Sell
AAPL,Sell,Positive,Hold,Sell
AAPL,Buy,Positive,Sell,Buy
AAPL,Buy,Negative,Sell,Sell
AAPL,Buy,Positive,Sell,Buy
AAPL,Buy,Negative,Hold,Sell
AAPL,Buy,Positive,Sell,Buy
AAPL,Sell,Negative,Sell,Sell
AAPL,Buy,Positive,Hold,Buy
AAPL,Buy,Negative,Hold,Sell
AAPL,Sell,Positive,Hold,Sell
AAPL,Sell,Positive,Hold,Sell
AAPL,Sell,Negative,Hold,Sell
AAPL,Buy,Negative,Hold,Sell
AAPL,Buy,Positive,Sell,Buy
AAPL,Buy,Positive,Hold,Buy
AAPL,Buy,Positive,Hold,Buy
AAPL,Sell,Positive,Buy,Buy
AAPL,Sell,Positive,Hold,Sell
AAPL,Buy,Positive,Hold,Buy
AAPL,Sell,Negative,Hold,Sell
AAPL,Buy,Positive,Hold,Buy
AAPL,Sell,Positive,Buy,Buy
AAPL,Sell,Positive,Hold,Sell
AAPL,Sell,Positive,Hold,Sell
AAPL,Sell,Positive,Hold,Sell
AAPL,Buy,Positive,Hold,Buy
AAPL,Buy,Positive,Hold,Buy
AAPL,Buy,Negative,Hold,Sell
AAPL,Buy,Positive,Hold,Buy
AAPL,Sell,Negative,Hold,Sell
AAPL,Buy,Positive,Hold,Buy
AAPL,Sell,Positive,Hold,Sell
AAPL,Sell,Negative,Hold,Sell
AAPL,Buy,Negative,Hold,Sell
AAPL,Buy,Positive,Hold,Buy
AAPL,Sell,Positive,Buy,Buy
AAPL,Buy,Positive,Buy,Buy
AAPL,Sell,Positive,Buy,Buy
AAPL,Sell,Positive,Buy,Buy
AAPL,Buy,Negative,Sell,Sell
AAPL,Buy,Negative,Hold,Sell
AAPL,Sell,Positive,Buy,Buy
AAPL,Sell,Positive,Buy,Buy
AAPL,Buy,Positive,Hold,Buy
AAPL,Sell,Positive,Hold,Sell
AAPL,Buy,Positive,Hold,Buy
AAPL,Sell,Positive,Hold,Sell
AAPL,Buy,Positive,Buy,Buy
AAPL,Sell,Positive,Hold,Sell
AAPL,Buy,Positive,Buy,Buy
AAPL,Buy,Positive,Hold,Buy
AAPL,Sell,Positive,Hold,Sell
AAPL,Sell,Positive,Buy,Buy
AAPL,Sell,Positive,Hold,Sell
AAPL,Sell,Positive,Buy,Buy
AAPL,Sell,Positive,Hold,Sell
AAPL,Buy,Positive,Buy,Buy
AAPL,Buy,Positive,Hold,Buy
AAPL,Buy,Positive,Buy,Buy
AAPL,Buy,Positive,Hold,Buy
AAPL,Sell,Negative,Sell,Sell
AAPL,Buy,Positive,Hold,Buy
AAPL,Sell,Positive,Hold,Sell
AAPL,Sell,Negative,Sell,Sell
AAPL,Sell,Negative,Sell,Sell
AAPL,Sell,Positive,Sell,Sell
AAPL,Sell,Positive,Hold,Sell
AAPL,Sell,Positive,Sell,Sell
AAPL,Sell,Positive,Sell,Sell
AAPL,Buy,Positive,Sell,Buy
AAPL,Sell,Positive,Sell,Sell
AAPL,Buy,Positive,Sell,Buy
AAPL,Buy,Positive,Hold,Buy
AAPL,Buy,Positive,Sell,Buy
AAPL,Sell,Negative,Hold,Sell
AAPL,Buy,Positive,Hold,Buy
AAPL,Buy,Positive,Hold,Buy
AAPL,Buy,Negative,Hold,Sell
AAPL,Sell,Positive,Sell,Sell
AAPL,Buy,Positive,Hold,Buy
AAPL,Buy,Positive,Sell,Buy
AAPL,Sell,Negative,Sell,Sell
AAPL,Buy,Positive,Hold,Buy
AAPL,Buy,Negative,Hold,Sell
AAPL,Buy,Positive,Sell,Buy
AAPL,Buy,Negative,Hold,Sell
AAPL,Buy,Positive,Hold,Buy
AAPL,Buy,Negative,Hold,Sell
AAPL,Sell,Positive,Buy,Buy
AAPL,Buy,Positive,Hold,Buy
AAPL,Sell,Negative,Hold,Sell
AAPL,Buy,Positive,Hold,Buy
AAPL,Buy,Negative,Hold,Sell
AAPL,Buy,Negative,Hold,Sell
AAPL,Buy,Positive,Hold,Buy
AAPL,Buy,Negative,Hold,Sell
AAPL,Sell,Negative,Hold,Sell
AAPL,Sell,Negative,Hold,Sell
AAPL,Sell,Positive,Hold,Sell
AAPL,Buy,Positive,Hold,Buy
AAPL,Buy,Negative,Hold,Sell
AAPL,Buy,Negative,Hold,Sell
AAPL,Buy,Negative,Hold,Sell
AAPL,Sell,Positive,Hold,Sell
AAPL,Buy,Positive,Hold,Buy
AAPL,Buy,Negative,Hold,Sell
AAPL,Buy,Negative,Hold,Sell
AAPL,Buy,Positive,Hold,Buy
AAPL,Sell,Positive,Hold,Sell
AAPL,Buy,Negative,Hold,Sell
AAPL,Buy,Negative,Hold,Sell
AAPL,Sell,Negative,Sell,Sell
AAPL,Buy,Negative,Hold,Sell
AAPL,Buy,Negative,Buy,Buy
AAPL,Buy,Positive,Buy,Buy
AAPL,Sell,Positive,Hold,Sell
AAPL,Sell,Positive,Hold,Sell
AAPL,Buy,Positive,Hold,Buy
AAPL,Sell,Positive,Buy,Buy
AAPL,Sell,Positive,Hold,Sell
AAPL,Sell,Positive,Hold,Sell
AAPL,Sell,Positive,Hold,Sell
AAPL,Buy,Positive,Hold,Buy
AAPL,Buy,Negative,Hold,Sell
AAPL,Sell,Positive,Hold,Sell
AAPL,Buy,Negative,Buy,Buy
AAPL,Sell,Negative,Hold,Sell
AAPL,Buy,Negative,Hold,Sell
AAPL,Sell,Positive,Hold,Sell
AAPL,Sell,Positive,Buy,Buy
AAPL,Buy,Positive,Hold,Buy
AAPL,Buy,Negative,Hold,Sell
AAPL,Buy,Negative,Hold,Sell
AAPL,Buy,Positive,Sell,Buy
AAPL,Buy,Positive,Buy,Buy
AAPL,Buy,Negative,Hold,Sell
AAPL,Sell,Negative,Sell,Sell
AAPL,Buy,Positive,Sell,Buy
AAPL,Sell,Positive,Buy,Buy
AAPL,Buy,Positive,Buy,Buy
AAPL,Sell,Positive,Buy,Buy
AAPL,Sell,Negative,Hold,Sell
AAPL,Buy,Negative,Hold,Sell
AAPL,Buy,Positive,Sell,Buy
AAPL,Buy,Positive,Buy,Buy
AAPL,Buy,Positive,Hold,Buy
AAPL,Sell,Positive,Buy,Buy
AAPL,Sell,Negative,Hold,Sell
AAPL,Sell,Positive,Hold,Sell
AAPL,Sell,Positive,Hold,Sell
AAPL,Buy,Positive,Hold,Buy
AAPL,Sell,Positive,Buy,Buy
AAPL,Buy,Positive,Buy,Buy
AAPL,Buy,Positive,Buy,Buy
AAPL,Buy,Negative,Hold,Sell
AAPL,Buy,Positive,Buy,Buy
AAPL,Sell,Positive,Buy,Buy
AAPL,Sell,Positive,Hold,Sell
AAPL,Buy,Positive,Buy,Buy
AAPL,Buy,Positive,Buy,Buy
AAPL,Buy,Positive,Buy,Buy
AAPL,Sell,Negative,Hold,Sell
AAPL,Buy,Negative,Hold,Sell
AAPL,Buy,Negative,Hold,Sell
AAPL,Buy,Positive,Hold,Buy
AAPL,Buy,Positive,Hold,Buy
AAPL,Sell,Negative,Sell,Sell
AAPL,Buy,Positive,Sell,Buy
AAPL,Sell,Positive,Buy,Buy
AAPL,Buy,Positive,Sell,Buy
AAPL,Buy,Positive,Hold,Buy
AAPL,Buy,Positive,Hold,Buy
AAPL,Sell,Positive,Hold,Sell
AAPL,Buy,Positive,Hold,Buy
AAPL,Buy,Negative,Hold,Sell
AAPL,Buy,Negative,Hold,Sell
AAPL,Sell,Positive,Buy,Buy
AAPL,Buy,Positive,Hold,Buy
AAPL,Buy,Positive,Buy,Buy
AAPL,Sell,Positive,Hold,Sell
AAPL,Sell,Positive,Hold,Sell
AAPL,Sell,Positive,Hold,Sell
AAPL,Buy,Positive,Buy,Buy
AAPL,Buy,Positive,Buy,Buy
AAPL,Sell,Positive,Hold,Sell
AAPL,Buy,Negative,Buy,Buy
AAPL,Buy,Negative,Hold,Sell
AAPL,Buy,Positive,Buy,Buy
AAPL,Buy,Positive,Hold,Buy
AAPL,Sell,Positive,Buy,Buy
AAPL,Sell,Positive,Sell,Sell
AAPL,Buy,Positive,Sell,Buy
AAPL,Buy,Positive,Sell,Buy
AAPL,Buy,Positive,Hold,Buy
AAPL,Buy,Positive,Sell,Buy
AAPL,Buy,Positive,Buy,Buy
AAPL,Buy,Negative,Hold,Sell
AAPL,Sell,Positive,Sell,Sell
AAPL,Sell,Positive,Sell,Sell
AAPL,Buy,Positive,Hold,Buy
AAPL,Buy,Negative,Hold,Sell
AAPL,Sell,Positive,Hold,Sell
AAPL,Buy,Positive,Hold,Buy
AAPL,Buy,Positive,Sell,Buy
AAPL,Buy,Positive,Hold,Buy
AAPL,Buy,Positive,Hold,Buy
AAPL,Buy,Positive,Hold,Buy
AAPL,Buy,Negative,Sell,Sell
AAPL,Buy,Negative,Sell,Sell
AAPL,Buy,Positive,Hold,Buy
AAPL,Buy,Positive,Sell,Buy
AAPL,Buy,Positive,Sell,Buy
AAPL,Buy,Positive,Sell,Buy
AAPL,Buy,Positive,Hold,Buy
AAPL,Buy,Positive,Hold,Buy
AAPL,Sell,Positive,Hold,Sell
MSFT,Sell,Positive,Buy,Buy
MSFT,Sell,Positive,Hold,Sell
MSFT,Sell,Negative,Hold,Sell
MSFT,Sell,Negative,Hold,Sell
MSFT,Sell,Positive,Buy,Buy
MSFT,Sell,Positive,Sell,Sell
MSFT,Sell,Positive,Hold,Sell
MSFT,Sell,Negative,Hold,Sell
MSFT,Sell,Negative,Hold,Sell
MSFT,Sell,Positive,Hold,Sell
MSFT,Sell,Negative,Hold,Sell
MSFT,Sell,Positive,Buy,Buy
MSFT,Sell,Negative,Hold,Sell
MSFT,Sell,Positive,Hold,Sell
MSFT,Sell,Positive,Hold,Sell
MSFT,Sell,Positive,Hold,Sell
MSFT,Sell,Positive,Hold,Sell
MSFT,Sell,Positive,Hold,Sell
MSFT,Sell,Positive,Hold,Sell
MSFT,Sell,Positive,Buy,Buy
MSFT,Sell,Positive,Hold,Sell
MSFT,Sell,Negative,Hold,Sell
MSFT,Sell,Positive,Hold,Sell
MSFT,Sell,Negative,Hold,Sell
MSFT,Sell,Positive,Hold,Sell
MSFT,Sell,Positive,Sell,Sell
MSFT,Sell,Positive,Buy,Buy
MSFT,Sell,Positive,Hold,Sell
MSFT,Sell,Positive,Hold,Sell
MSFT,Sell,Positive,Hold,Sell
MSFT,Sell,Negative,Hold,Sell
MSFT,Sell,Positive,Hold,Sell
MSFT,Sell,Negative,Hold,Sell
MSFT,Sell,Negative,Hold,Sell
MSFT,Sell,Positive,Hold,Sell
MSFT,Sell,Positive,Hold,Sell
MSFT,Sell,Positive,Hold,Sell
MSFT,Sell,Positive,Hold,Sell
MSFT,Sell,Negative,Hold,Sell
MSFT,Sell,Negative,Buy,Sell
MSFT,Sell,Positive,Hold,Sell
MSFT,Sell,Positive,Buy,Buy
MSFT,Sell,Positive,Hold,Sell
MSFT,Sell,Positive,Hold,Sell
MSFT,Sell,Positive,Buy,Buy
MSFT,Sell,Negative,Hold,Sell
MSFT,Sell,Negative,Hold,Sell
MSFT,Sell,Negative,Hold,Sell
MSFT,Sell,Negative,Hold,Sell
MSFT,Sell,Positive,Hold,Sell
MSFT,Sell,Negative,Hold,Sell
MSFT,Sell,Positive,Hold,Sell
MSFT,Sell,Positive,Buy,Buy
MSFT,Sell,Positive,Sell,Sell
MSFT,Sell,Positive,Hold,Sell
MSFT,Sell,Positive,Hold,Sell
MSFT,Sell,Negative,Hold,Sell
MSFT,Sell,Positive,Buy,Buy
MSFT,Sell,Positive,Buy,Buy
MSFT,Sell,Positive,Hold,Sell
MSFT,Sell,Negative,Hold,Sell
MSFT,Sell,Positive,Hold,Sell
MSFT,Sell,Positive,Hold,Sell
MSFT,Sell,Negative,Buy,Sell
MSFT,Sell,Positive,Hold,Sell
MSFT,Sell,Positive,Hold,Sell
MSFT,Sell,Positive,Hold,Sell
MSFT,Sell,Positive,Hold,Sell
MSFT,Sell,Negative,Hold,Sell
MSFT,Sell,Positive,Hold,Sell
MSFT,Sell,Positive,Buy,Buy
MSFT,Sell,Positive,Hold,Sell
MSFT,Sell,Positive,Hold,Sell
MSFT,Sell,Positive,Hold,Sell
MSFT,Sell,Negative,Hold,Sell
MSFT,Sell,Positive,Hold,Sell
MSFT,Sell,Positive,Hold,Sell
MSFT,Sell,Positive,Hold,Sell
MSFT,Sell,Positive,Sell,Sell
MSFT,Sell,Negative,Hold,Sell
MSFT,Sell,Negative,Sell,Sell
MSFT,Sell,Negative,Hold,Sell
MSFT,Sell,Negative,Sell,Sell
MSFT,Sell,Negative,Buy,Sell
MSFT,Sell,Negative,Sell,Sell
MSFT,Sell,Positive,Buy,Buy
MSFT,Sell,Positive,Hold,Sell
MSFT,Sell,Positive,Sell,Sell
MSFT,Sell,Positive,Hold,Sell
MSFT,Sell,Positive,Hold,Sell
MSFT,Sell,Negative,Sell,Sell
MSFT,Sell,Positive,Hold,Sell
MSFT,Sell,Positive,Hold,Sell
MSFT,Sell,Positive,Hold,Sell
MSFT,Sell,Negative,Hold,Sell
MSFT,Sell,Positive,Sell,Sell
MSFT,Sell,Positive,Hold,Sell
MSFT,Sell,Positive,Sell,Sell
MSFT,Sell,Positive,Hold,Sell
MSFT,Sell,Negative,Sell,Sell
MSFT,Sell,Positive,Sell,Sell
MSFT,Sell,Negative,Hold,Sell
MSFT,Sell,Positive,Hold,Sell
MSFT,Sell,Positive,Hold,Sell
MSFT,Sell,Negative,Sell,Sell
MSFT,Sell,Negative,Sell,Sell
MSFT,Sell,Positive,Sell,Sell
MSFT,Sell,Positive,Hold,Sell
MSFT,Sell,Negative,Hold,Sell
MSFT,Sell,Positive,Hold,Sell
MSFT,Sell,Negative,Sell,Sell
MSFT,Sell,Positive,Hold,Sell
MSFT,Sell,Positive,Sell,Sell
MSFT,Sell,Negative,Hold,Sell
MSFT,Sell,Positive,Hold,Sell
MSFT,Sell,Negative,Sell,Sell
MSFT,Sell,Negative,Hold,Sell
MSFT,Sell,Negative,Sell,Sell
MSFT,Sell,Negative,Hold,Sell
MSFT,Sell,Positive,Hold,Sell
MSFT,Sell,Positive,Hold,Sell
MSFT,Sell,Positive,Sell,Sell
MSFT,Sell,Negative,Sell,Sell
MSFT,Sell,Negative,Hold,Sell
MSFT,Sell,Positive,Hold,Sell
MSFT,Sell,Negative,Hold,Sell
MSFT,Sell,Positive,Sell,Sell
MSFT,Sell,Positive,Hold,Sell
MSFT,Sell,Positive,Hold,Sell
MSFT,Sell,Positive,Hold,Sell
MSFT,Sell,Positive,Hold,Sell
MSFT,Sell,Positive,Sell,Sell
MSFT,Sell,Positive,Hold,Sell
MSFT,Sell,Negative,Sell,Sell
MSFT,Sell,Positive,Hold,Sell
MSFT,Sell,Positive,Hold,Sell
MSFT,Sell,Positive,Hold,Sell
MSFT,Sell,Positive,Sell,Sell
MSFT,Sell,Negative,Hold,Sell
MSFT,Sell,Positive,Hold,Sell
MSFT,Sell,Positive,Hold,Sell
MSFT,Sell,Negative,Hold,Sell
MSFT,Sell,Positive,Hold,Sell
MSFT,Sell,Negative,Hold,Sell
MSFT,Sell,Positive,Hold,Sell
MSFT,Sell,Negative,Hold,Sell
MSFT,Sell,Negative,Hold,Sell
MSFT,Sell,Positive,Hold,Sell
MSFT,Sell,Positive,Hold,Sell
MSFT,Sell,Negative,Hold,Sell
MSFT,Sell,Positive,Hold,Sell
MSFT,Sell,Positive,Hold,Sell
MSFT,Sell,Negative,Hold,Sell
MSFT,Sell,Positive,Hold,Sell
MSFT,Sell,Negative,Hold,Sell
MSFT,Sell,Positive,Hold,Sell
MSFT,Sell,Negative,Sell,Sell
MSFT,Sell,Positive,Hold,Sell
MSFT,Sell,Positive,Hold,Sell
MSFT,Sell,Positive,Hold,Sell
MSFT,Sell,Positive,Hold,Sell
MSFT,Sell,Positive,Hold,Sell
MSFT,Sell,Positive,Hold,Sell
MSFT,Sell,Positive,Hold,Sell
MSFT,Sell,Negative,Hold,Sell
MSFT,Sell,Positive,Hold,Sell
MSFT,Sell,Positive,Hold,Sell
MSFT,Sell,Positive,Hold,Sell
MSFT,Sell,Positive,Hold,Sell
MSFT,Sell,Negative,Hold,Sell
MSFT,Sell,Negative,Hold,Sell
MSFT,Sell,Positive,Hold,Sell
MSFT,Sell,Negative,Hold,Sell
MSFT,Sell,Positive,Hold,Sell
MSFT,Sell,Negative,Sell,Sell
MSFT,Sell,Positive,Hold,Sell
MSFT,Sell,Positive,Hold,Sell
MSFT,Sell,Positive,Hold,Sell
MSFT,Sell,Negative,Sell,Sell
MSFT,Sell,Negative,Buy,Sell
MSFT,Sell,Positive,Hold,Sell
MSFT,Sell,Negative,Hold,Sell
MSFT,Sell,Negative,Hold,Sell
MSFT,Sell,Positive,Hold,Sell
MSFT,Sell,Negative,Buy,Sell
MSFT,Sell,Negative,Hold,Sell
MSFT,Sell,Positive,Hold,Sell
MSFT,Sell,Negative,Hold,Sell
MSFT,Sell,Positive,Hold,Sell
MSFT,Sell,Negative,Hold,Sell
MSFT,Sell,Negative,Hold,Sell
MSFT,Sell,Positive,Buy,Buy
MSFT,Sell,Positive,Hold,Sell
MSFT,Sell,Positive,Hold,Sell
MSFT,Sell,Positive,Hold,Sell
MSFT,Sell,Positive,Hold,Sell
MSFT,Sell,Positive,Hold,Sell
MSFT,Sell,Positive,Hold,Sell
MSFT,Sell,Positive,Hold,Sell
MSFT,Sell,Positive,Hold,Sell
MSFT,Sell,Positive,Hold,Sell
MSFT,Sell,Negative,Hold,Sell
MSFT,Sell,Positive,Hold,Sell
MSFT,Sell,Negative,Hold,Sell
MSFT,Sell,Positive,Hold,Sell
MSFT,Sell,Positive,Hold,Sell
MSFT,Sell,Positive,Hold,Sell
MSFT,Sell,Negative,Hold,Sell
MSFT,Sell,Positive,Sell,Sell
MSFT,Sell,Positive,Hold,Sell
MSFT,Sell,Negative,Sell,Sell
MSFT,Sell,Positive,Hold,Sell
MSFT,Sell,Positive,Hold,Sell
MSFT,Sell,Positive,Hold,Sell
MSFT,Sell,Positive,Hold,Sell
MSFT,Sell,Positive,Hold,Sell
MSFT,Sell,Positive,Hold,Sell
MSFT,Sell,Positive,Hold,Sell
MSFT,Sell,Positive,Hold,Sell
MSFT,Sell,Negative,Sell,Sell
MSFT,Sell,Negative,Hold,Sell
MSFT,Sell,Negative,Sell,Sell
MSFT,Sell,Positive,Hold,Sell
MSFT,Sell,Positive,Hold,Sell
MSFT,Sell,Positive,Hold,Sell
MSFT,Sell,Negative,Hold,Sell
MSFT,Sell,Negative,Sell,Sell
MSFT,Sell,Positive,Hold,Sell
MSFT,Sell,Positive,Hold,Sell
MSFT,Sell,Positive,Hold,Sell
MSFT,Sell,Positive,Hold,Sell
MSFT,Sell,Positive,Hold,Sell
MSFT,Sell,Positive,Hold,Sell
MSFT,Sell,Positive,Hold,Sell
MSFT,Sell,Negative,Hold,Sell
MSFT,Sell,Positive,Buy,Buy
MSFT,Sell,Positive,Buy,Buy
MSFT,Sell,Negative,Hold,Sell
MSFT,Sell,Positive,Buy,Buy
MSFT,Sell,Positive,Hold,Sell
MSFT,Sell,Positive,Hold,Sell
MSFT,Sell,Positive,Hold,Sell
MSFT,Sell,Positive,Buy,Buy
MSFT,Sell,Positive,Buy,Buy
MSFT,Sell,Positive,Hold,Sell
MSFT,Sell,Positive,Hold,Sell
MSFT,Sell,Positive,Hold,Sell
MSFT,Sell,Positive,Hold,Sell
MSFT,Sell,Positive,Hold,Sell
MSFT,Sell,Positive,Hold,Sell
MSFT,Sell,Positive,Hold,Sell
MSFT,Sell,Positive,Hold,Sell
MSFT,Sell,Positive,Hold,Sell
MSFT,Sell,Positive,Hold,Sell
MSFT,Sell,Positive,Hold,Sell
MSFT,Sell,Positive,Hold,Sell
MSFT,Sell,Positive,Hold,Sell
MSFT,Sell,Positive,Hold,Sell
MSFT,Sell,Negative,Hold,Sell
MSFT,Sell,Positive,Hold,Sell
MSFT,Sell,Positive,Sell,Sell
MSFT,Sell,Positive,Hold,Sell
MSFT,Sell,Positive,Hold,Sell
MSFT,Sell,Positive,Hold,Sell
MSFT,Sell,Positive,Hold,Sell
MSFT,Sell,Negative,Hold,Sell
MSFT,Sell,Positive,Hold,Sell
MSFT,Sell,Negative,Hold,Sell
MSFT,Sell,Positive,Hold,Sell
MSFT,Sell,Positive,Hold,Sell
MSFT,Sell,Positive,Hold,Sell
MSFT,Sell,Positive,Sell,Sell
MSFT,Sell,Positive,Hold,Sell
MSFT,Sell,Positive,Hold,Sell
MSFT,Sell,Positive,Hold,Sell
MSFT,Sell,Positive,Hold,Sell
MSFT,Sell,Negative,Hold,Sell
MSFT,Sell,Positive,Hold,Sell
MSFT,Sell,Positive,Hold,Sell
MSFT,Sell,Positive,Hold,Sell
MSFT,Sell,Positive,Hold,Sell
MSFT,Sell,Negative,Sell,Sell
MSFT,Sell,Positive,Hold,Sell
MSFT,Sell,Positive,Hold,Sell
MSFT,Sell,Positive,Hold,Sell
MSFT,Sell,Positive,Hold,Sell
MSFT,Sell,Positive,Hold,Sell
MSFT,Sell,Positive,Hold,Sell
MSFT,Sell,Positive,Hold,Sell
MSFT,Sell,Positive,Hold,Sell
MSFT,Sell,Positive,Hold,Sell
MSFT,Sell,Positive,Hold,Sell
MSFT,Sell,Positive,Hold,Sell
MSFT,Sell,Positive,Hold,Sell
MSFT,Sell,Positive,Hold,Sell
MSFT,Sell,Positive,Hold,Sell
MSFT,Sell,Positive,Hold,Sell
MSFT,Sell,Negative,Hold,Sell
MSFT,Sell,Positive,Hold,Sell
MSFT,Sell,Positive,Hold,Sell
MSFT,Sell,Positive,Hold,Sell
MSFT,Sell,Positive,Hold,Sell
MSFT,Sell,Positive,Hold,Sell
MSFT,Sell,Positive,Hold,Sell
MSFT,Sell,Positive,Hold,Sell
MSFT,Sell,Positive,Hold,Sell
MSFT,Sell,Positive,Hold,Sell
MSFT,Sell,Positive,Hold,Sell
MSFT,Sell,Negative,Hold,Sell
MSFT,Sell,Positive,Hold,Sell
MSFT,Sell,Positive,Hold,Sell
MSFT,Sell,Negative,Hold,Sell
MSFT,Sell,Positive,Hold,Sell
MSFT,Sell,Negative,Hold,Sell
MSFT,Sell,Positive,Hold,Sell
MSFT,Sell,Positive,Hold,Sell
MSFT,Sell,Negative,Hold,Sell
MSFT,Sell,Positive,Hold,Sell
MSFT,Sell,Positive,Hold,Sell
MSFT,Sell,Positive,Hold,Sell
MSFT,Sell,Positive,Hold,Sell
MSFT,Sell,Positive,Hold,Sell
MSFT,Sell,Positive,Hold,Sell
MSFT,Sell,Positive,Hold,Sell
MSFT,Sell,Positive,Hold,Sell
MSFT,Sell,Positive,Hold,Sell
MSFT,Sell,Positive,Hold,Sell
MSFT,Sell,Positive,Hold,Sell
MSFT,Sell,Positive,Hold,Sell
MSFT,Sell,Positive,Sell,Sell
MSFT,Sell,Positive,Hold,Sell
MSFT,Sell,Positive,Hold,Sell
MSFT,Sell,Positive,Hold,Sell
MSFT,Sell,Positive,Hold,Sell
MSFT,Sell,Positive,Hold,Sell
MSFT,Sell,Positive,Hold,Sell
MSFT,Sell,Positive,Hold,Sell
MSFT,Sell,Positive,Hold,Sell
MSFT,Sell,Negative,Hold,Sell
MSFT,Sell,Negative,Hold,Sell
MSFT,Sell,Positive,Sell,Sell
MSFT,Sell,Positive,Hold,Sell
MSFT,Sell,Positive,Hold,Sell
MSFT,Sell,Negative,Hold,Sell
MSFT,Sell,Positive,Sell,Sell
MSFT,Sell,Positive,Hold,Sell
MSFT,Sell,Positive,Hold,Sell
MSFT,Sell,Positive,Hold,Sell
MSFT,Sell,Positive,Hold,Sell
MSFT,Sell,Positive,Hold,Sell
MSFT,Sell,Positive,Hold,Sell
MSFT,Sell,Positive,Hold,Sell
MSFT,Sell,Positive,Hold,Sell
MSFT,Sell,Negative,Hold,Sell
MSFT,Sell,Positive,Hold,Sell
MSFT,Sell,Negative,Hold,Sell
MSFT,Sell,Negative,Sell,Sell
MSFT,Sell,Positive,Hold,Sell
MSFT,Sell,Negative,Hold,Sell
MSFT,Sell,Negative,Hold,Sell
MSFT,Sell,Negative,Sell,Sell
MSFT,Sell,Negative,Hold,Sell
MSFT,Sell,Positive,Hold,Sell
MSFT,Sell,Positive,Hold,Sell
MSFT,Sell,Positive,Hold,Sell
MSFT,Sell,Positive,Hold,Sell
MSFT,Sell,Positive,Hold,Sell
MSFT,Sell,Positive,Hold,Sell
MSFT,Sell,Positive,Hold,Sell
MSFT,Sell,Positive,Hold,Sell
MSFT,Sell,Positive,Hold,Sell
MSFT,Sell,Positive,Hold,Sell
MSFT,Sell,Positive,Hold,Sell
MSFT,Sell,Negative,Buy,Sell
MSFT,Sell,Positive,Hold,Sell
MSFT,Sell,Negative,Hold,Sell
MSFT,Sell,Positive,Hold,Sell
MSFT,Sell,Positive,Hold,Sell
MSFT,Sell,Positive,Hold,Sell
MSFT,Sell,Positive,Hold,Sell
MSFT,Sell,Negative,Hold,Sell
MSFT,Sell,Positive,Hold,Sell
MSFT,Sell,Negative,Hold,Sell
MSFT,Sell,Negative,Hold,Sell
MSFT,Sell,Positive,Hold,Sell
MSFT,Sell,Positive,Sell,Sell
MSFT,Sell,Negative,Hold,Sell
MSFT,Sell,Negative,Hold,Sell
MSFT,Sell,Positive,Hold,Sell
MSFT,Sell,Positive,Hold,Sell
MSFT,Sell,Positive,Hold,Sell
MSFT,Sell,Positive,Hold,Sell
MSFT,Sell,Positive,Hold,Sell
MSFT,Sell,Negative,Hold,Sell
MSFT,Sell,Positive,Hold,Sell
MSFT,Sell,Negative,Hold,Sell
MSFT,Sell,Positive,Buy,Buy
MSFT,Sell,Positive,Hold,Sell
MSFT,Sell,Positive,Hold,Sell
MSFT,Sell,Positive,Buy,Buy
MSFT,Sell,Positive,Hold,Sell
MSFT,Sell,Positive,Buy,Buy
MSFT,Sell,Positive,Hold,Sell
MSFT,Sell,Negative,Buy,Sell
MSFT,Sell,Negative,Hold,Sell
MSFT,Sell,Negative,Hold,Sell
MSFT,Sell,Negative,Hold,Sell
MSFT,Sell,Negative,Hold,Sell
MSFT,Sell,Positive,Buy,Buy
MSFT,Sell,Negative,Hold,Sell
MSFT,Sell,Positive,Hold,Sell
MSFT,Sell,Positive,Buy,Buy
MSFT,Sell,Positive,Hold,Sell
MSFT,Sell,Negative,Hold,Sell
MSFT,Sell,Positive,Buy,Buy
MSFT,Sell,Positive,Hold,Sell
MSFT,Sell,Positive,Hold,Sell
MSFT,Sell,Positive,Hold,Sell
MSFT,Sell,Positive,Hold,Sell
MSFT,Sell,Positive,Hold,Sell
MSFT,Sell,Positive,Hold,Sell
MSFT,Sell,Negative,Hold,Sell
MSFT,Sell,Negative,Hold,Sell
MSFT,Sell,Positive,Hold,Sell
MSFT,Sell,Positive,Hold,Sell
MSFT,Sell,Positive,Hold,Sell
MSFT,Sell,Positive,Hold,Sell
MSFT,Sell,Negative,Buy,Sell
MSFT,Sell,Positive,Hold,Sell
MSFT,Sell,Positive,Hold,Sell
MSFT,Sell,Negative,Hold,Sell
MSFT,Sell,Positive,Hold,Sell
MSFT,Sell,Positive,Hold,Sell
MSFT,Sell,Positive,Hold,Sell
MSFT,Sell,Positive,Hold,Sell
MSFT,Sell,Negative,Hold,Sell
MSFT,Sell,Positive,Hold,Sell
MSFT,Sell,Positive,Hold,Sell
MSFT,Sell,Positive,Sell,Sell
MSFT,Sell,Positive,Sell,Sell
MSFT,Sell,Positive,Buy,Buy
MSFT,Sell,Positive,Hold,Sell
MSFT,Sell,Negative,Sell,Sell
MSFT,Sell,Negative,Hold,Sell
MSFT,Sell,Negative,Hold,Sell
MSFT,Sell,Positive,Hold,Sell
MSFT,Sell,Positive,Hold,Sell
MSFT,Sell,Positive,Hold,Sell
MSFT,Sell,Positive,Hold,Sell
MSFT,Sell,Negative,Hold,Sell
MSFT,Sell,Positive,Hold,Sell
MSFT,Sell,Negative,Hold,Sell
MSFT,Sell,Negative,Hold,Sell
MSFT,Sell,Positive,Sell,Sell
MSFT,Sell,Negative,Hold,Sell
MSFT,Sell,Positive,Hold,Sell
MSFT,Sell,Negative,Hold,Sell
MSFT,Sell,Positive,Hold,Sell
MSFT,Sell,Positive,Hold,Sell
MSFT,Sell,Positive,Hold,Sell
MSFT,Sell,Negative,Hold,Sell
MSFT,Sell,Positive,Hold,Sell
MSFT,Sell,Negative,Hold,Sell
MSFT,Sell,Negative,Hold,Sell
MSFT,Sell,Positive,Hold,Sell
MSFT,Sell,Negative,Hold,Sell
MSFT,Sell,Positive,Hold,Sell
MSFT,Sell,Positive,Hold,Sell
MSFT,Sell,Positive,Hold,Sell
MSFT,Sell,Positive,Hold,Sell
MSFT,Sell,Positive,Buy,Buy
MSFT,Sell,Positive,Buy,Buy
MSFT,Sell,Negative,Hold,Sell
MSFT,Sell,Positive,Hold,Sell
MSFT,Sell,Negative,Buy,Sell
MSFT,Sell,Positive,Hold,Sell
MSFT,Sell,Negative,Hold,Sell
MSFT,Sell,Negative,Hold,Sell
MSFT,Sell,Positive,Hold,Sell
MSFT,Sell,Positive,Buy,Buy
MSFT,Sell,Positive,Hold,Sell
MSFT,Sell,Positive,Hold,Sell
MSFT,Sell,Positive,Hold,Sell
MSFT,Sell,Positive,Hold,Sell
MSFT,Sell,Positive,Hold,Sell
MSFT,Sell,Positive,Hold,Sell
MSFT,Sell,Positive,Hold,Sell
MSFT,Sell,Negative,Hold,Sell
MSFT,Sell,Negative,Hold,Sell
MSFT,Sell,Positive,Hold,Sell
MSFT,Sell,Negative,Hold,Sell
MSFT,Sell,Negative,Hold,Sell
MSFT,Sell,Positive,Hold,Sell
MSFT,Sell,Negative,Hold,Sell
MSFT,Sell,Positive,Hold,Sell
MSFT,Sell,Negative,Hold,Sell
MSFT,Sell,Positive,Buy,Buy
MSFT,Sell,Negative,Hold,Sell
MSFT,Sell,Negative,Hold,Sell
MSFT,Sell,Positive,Hold,Sell
MSFT,Sell,Positive,Buy,Buy
MSFT,Sell,Negative,Buy,Sell
MSFT,Sell,Positive,Buy,Buy
MSFT,Sell,Negative,Buy,Sell
MSFT,Sell,Positive,Hold,Sell
MSFT,Sell,Positive,Hold,Sell
MSFT,Sell,Negative,Sell,Sell
MSFT,Sell,Negative,Hold,Sell
MSFT,Sell,Positive,Hold,Sell
MSFT,Sell,Negative,Hold,Sell
MSFT,Sell,Positive,Hold,Sell
MSFT,Sell,Negative,Buy,Sell
MSFT,Sell,Positive,Buy,Buy
MSFT,Sell,Positive,Hold,Sell
MSFT,Sell,Negative,Hold,Sell
MSFT,Sell,Positive,Sell,Sell
MSFT,Sell,Positive,Buy,Buy
MSFT,Sell,Positive,Hold,Sell
MSFT,Sell,Negative,Hold,Sell
MSFT,Sell,Positive,Sell,Sell
MSFT,Sell,Positive,Hold,Sell
MSFT,Sell,Negative,Hold,Sell
MSFT,Sell,Positive,Hold,Sell
MSFT,Sell,Positive,Hold,Sell
MSFT,Sell,Positive,Hold,Sell
MSFT,Sell,Positive,Hold,Sell
MSFT,Sell,Positive,Hold,Sell
MSFT,Sell,Negative,Hold,Sell
MSFT,Sell,Positive,Hold,Sell
MSFT,Sell,Negative,Hold,Sell
MSFT,Sell,Positive,Hold,Sell
MSFT,Sell,Negative,Hold,Sell
MSFT,Sell,Positive,Hold,Sell
MSFT,Sell,Negative,Hold,Sell
MSFT,Sell,Positive,Hold,Sell
MSFT,Sell,Negative,Hold,Sell
MSFT,Sell,Positive,Sell,Sell
MSFT,Sell,Positive,Hold,Sell
MSFT,Sell,Positive,Hold,Sell
MSFT,Sell,Positive,Hold,Sell
MSFT,Sell,Positive,Hold,Sell
MSFT,Sell,Positive,Hold,Sell
MSFT,Sell,Negative,Hold,Sell
MSFT,Sell,Positive,Hold,Sell
MSFT,Sell,Positive,Hold,Sell
MSFT,Sell,Negative,Hold,Sell
MSFT,Sell,Negative,Hold,Sell
MSFT,Sell,Positive,Hold,Sell
MSFT,Sell,Positive,Hold,Sell
MSFT,Sell,Positive,Hold,Sell
MSFT,Sell,Positive,Hold,Sell
MSFT,Sell,Positive,Hold,Sell
MSFT,Sell,Positive,Hold,Sell
MSFT,Sell,Positive,Hold,Sell
MSFT,Sell,Positive,Sell,Sell
MSFT,Sell,Positive,Sell,Sell
MSFT,Sell,Positive,Hold,Sell
MSFT,Sell,Positive,Hold,Sell
MSFT,Sell,Positive,Hold,Sell
MSFT,Sell,Negative,Hold,Sell
MSFT,Sell,Positive,Hold,Sell
MSFT,Sell,Negative,Hold,Sell
MSFT,Sell,Negative,Hold,Sell
MSFT,Sell,Positive,Hold,Sell
MSFT,Sell,Positive,Hold,Sell
MSFT,Sell,Negative,Hold,Sell
MSFT,Sell,Positive,Hold,Sell
MSFT,Sell,Negative,Sell,Sell
MSFT,Sell,Positive,Hold,Sell
MSFT,Sell,Positive,Hold,Sell
MSFT,Sell,Positive,Hold,Sell
MSFT,Sell,Positive,Hold,Sell
MSFT,Sell,Positive,Buy,Buy
MSFT,Sell,Positive,Buy,Buy
MSFT,Sell,Positive,Hold,Sell
MSFT,Sell,Positive,Hold,Sell
MSFT,Sell,Positive,Buy,Buy
MSFT,Sell,Negative,Buy,Sell
MSFT,Sell,Negative,Hold,Sell
MSFT,Sell,Positive,Hold,Sell
MSFT,Sell,Negative,Hold,Sell
MSFT,Sell,Positive,Hold,Sell
MSFT,Sell,Positive,Hold,Sell
MSFT,Sell,Positive,Hold,Sell
MSFT,Sell,Negative,Hold,Sell
MSFT,Sell,Positive,Hold,Sell
MSFT,Sell,Positive,Hold,Sell
MSFT,Sell,Positive,Hold,Sell
MSFT,Sell,Negative,Hold,Sell
MSFT,Sell,Positive,Buy,Buy
MSFT,Sell,Positive,Buy,Buy
MSFT,Sell,Negative,Hold,Sell
MSFT,Sell,Positive,Hold,Sell
MSFT,Sell,Positive,Buy,Buy
MSFT,Sell,Positive,Hold,Sell
MSFT,Sell,Positive,Hold,Sell
MSFT,Sell,Negative,Buy,Sell
MSFT,Sell,Positive,Hold,Sell
MSFT,Sell,Positive,Hold,Sell
MSFT,Sell,Negative,Hold,Sell
MSFT,Sell,Negative,Hold,Sell
MSFT,Sell,Positive,Hold,Sell
MSFT,Sell,Positive,Buy,Buy
MSFT,Sell,Negative,Sell,Sell
MSFT,Sell,Positive,Hold,Sell
MSFT,Sell,Positive,Sell,Sell
MSFT,Sell,Positive,Hold,Sell
MSFT,Sell,Positive,Hold,Sell
MSFT,Sell,Positive,Hold,Sell
MSFT,Sell,Positive,Hold,Sell
MSFT,Sell,Negative,Hold,Sell
MSFT,Sell,Negative,Hold,Sell
MSFT,Sell,Negative,Hold,Sell
MSFT,Sell,Positive,Hold,Sell
MSFT,Sell,Positive,Hold,Sell
MSFT,Sell,Negative,Hold,Sell
MSFT,Sell,Positive,Hold,Sell
MSFT,Sell,Positive,Hold,Sell
MSFT,Sell,Negative,Hold,Sell
MSFT,Sell,Negative,Hold,Sell
MSFT,Sell,Positive,Hold,Sell
MSFT,Sell,Positive,Hold,Sell
MSFT,Sell,Positive,Hold,Sell
MSFT,Sell,Positive,Hold,Sell
MSFT,Sell,Negative,Hold,Sell
MSFT,Sell,Positive,Sell,Sell
MSFT,Sell,Positive,Sell,Sell
MSFT,Sell,Positive,Hold,Sell
MSFT,Sell,Positive,Hold,Sell
MSFT,Sell,Negative,Hold,Sell
MSFT,Sell,Positive,Hold,Sell
MSFT,Sell,Negative,Hold,Sell
MSFT,Sell,Positive,Hold,Sell
MSFT,Sell,Positive,Hold,Sell
MSFT,Sell,Negative,Hold,Sell
MSFT,Sell,Positive,Hold,Sell
MSFT,Sell,Negative,Hold,Sell
MSFT,Sell,Positive,Buy,Buy
MSFT,Sell,Positive,Hold,Sell
MSFT,Sell,Positive,Hold,Sell
MSFT,Sell,Negative,Hold,Sell
MSFT,Sell,Positive,Hold,Sell
MSFT,Sell,Positive,Hold,Sell
MSFT,Sell,Positive,Hold,Sell
MSFT,Sell,Positive,Hold,Sell
MSFT,Sell,Positive,Hold,Sell
MSFT,Sell,Positive,Hold,Sell
MSFT,Sell,Positive,Hold,Sell
MSFT,Sell,Positive,Hold,Sell
MSFT,Sell,Positive,Sell,Sell
MSFT,Sell,Positive,Buy,Buy
MSFT,Sell,Positive,Hold,Sell
MSFT,Sell,Positive,Hold,Sell
MSFT,Sell,Positive,Sell,Sell
MSFT,Sell,Positive,Hold,Sell
MSFT,Sell,Positive,Hold,Sell
MSFT,Sell,Positive,Hold,Sell
MSFT,Sell,Positive,Sell,Sell
MSFT,Sell,Positive,Hold,Sell
MSFT,Sell,Positive,Hold,Sell
MSFT,Sell,Positive,Hold,Sell
MSFT,Sell,Positive,Buy,Buy
MSFT,Sell,Negative,Hold,Sell
MSFT,Sell,Positive,Hold,Sell
MSFT,Sell,Positive,Hold,Sell
MSFT,Sell,Positive,Hold,Sell
MSFT,Sell,Positive,Hold,Sell
MSFT,Sell,Positive,Buy,Buy
MSFT,Sell,Positive,Sell,Sell
MSFT,Sell,Positive,Hold,Sell
MSFT,Sell,Negative,Hold,Sell
MSFT,Sell,Positive,Hold,Sell
MSFT,Sell,Positive,Hold,Sell
MSFT,Sell,Positive,Hold,Sell
MSFT,Sell,Positive,Hold,Sell
MSFT,Sell,Negative,Hold,Sell
MSFT,Sell,Positive,Hold,Sell
MSFT,Sell,Positive,Hold,Sell
MSFT,Sell,Positive,Hold,Sell
MSFT,Sell,Positive,Hold,Sell
MSFT,Sell,Positive,Hold,Sell
MSFT,Sell,Positive,Hold,Sell
MSFT,Sell,Positive,Buy,Buy
MSFT,Sell,Positive,Hold,Sell
MSFT,Sell,Positive,Sell,Sell
MSFT,Sell,Negative,Hold,Sell
MSFT,Sell,Positive,Hold,Sell
MSFT,Sell,Positive,Sell,Sell
MSFT,Sell,Positive,Hold,Sell
MSFT,Sell,Positive,Hold,Sell
MSFT,Sell,Negative,Hold,Sell
MSFT,Sell,Positive,Hold,Sell
MSFT,Sell,Negative,Hold,Sell
MSFT,Sell,Positive,Hold,Sell
MSFT,Sell,Positive,Hold,Sell
MSFT,Sell,Positive,Hold,Sell
MSFT,Sell,Positive,Hold,Sell
MSFT,Sell,Positive,Hold,Sell
MSFT,Sell,Positive,Hold,Sell
MSFT,Sell,Positive,Hold,Sell
MSFT,Sell,Positive,Hold,Sell
MSFT,Sell,Positive,Hold,Sell
MSFT,Sell,Positive,Hold,Sell
MSFT,Sell,Positive,Hold,Sell
MSFT,Sell,Positive,Sell,Sell
MSFT,Sell,Positive,Hold,Sell
MSFT,Sell,Negative,Hold,Sell
MSFT,Sell,Positive,Hold,Sell
MSFT,Sell,Positive,Sell,Sell
MSFT,Sell,Positive,Hold,Sell
MSFT,Sell,Positive,Hold,Sell
MSFT,Sell,Positive,Sell,Sell
MSFT,Sell,Positive,Sell,Sell
MSFT,Sell,Positive,Sell,Sell
MSFT,Sell,Positive,Sell,Sell
MSFT,Sell,Positive,Sell,Sell
MSFT,Sell,Positive,Hold,Sell
MSFT,Sell,Positive,Sell,Sell
MSFT,Sell,Positive,Hold,Sell
MSFT,Sell,Positive,Hold,Sell
MSFT,Sell,Positive,Sell,Sell
MSFT,Sell,Positive,Hold,Sell
MSFT,Sell,Positive,Buy,Buy
MSFT,Sell,Positive,Hold,Sell
MSFT,Sell,Positive,Hold,Sell
MSFT,Sell,Positive,Hold,Sell
MSFT,Sell,Positive,Sell,Sell
MSFT,Sell,Negative,Hold,Sell
MSFT,Sell,Positive,Hold,Sell
MSFT,Sell,Positive,Hold,Sell
MSFT,Sell,Positive,Hold,Sell
MSFT,Sell,Positive,Hold,Sell
MSFT,Sell,Negative,Sell,Sell
MSFT,Sell,Positive,Hold,Sell
MSFT,Sell,Positive,Buy,Buy
MSFT,Sell,Positive,Hold,Sell
MSFT,Sell,Positive,Hold,Sell
MSFT,Sell,Positive,Sell,Sell
MSFT,Sell,Positive,Sell,Sell
MSFT,Sell,Positive,Hold,Sell
MSFT,Sell,Positive,Hold,Sell
MSFT,Sell,Negative,Hold,Sell
MSFT,Sell,Negative,Hold,Sell
MSFT,Sell,Positive,Hold,Sell
MSFT,Sell,Negative,Hold,Sell
MSFT,Sell,Positive,Hold,Sell
MSFT,Sell,Positive,Hold,Sell
MSFT,Sell,Positive,Sell,Sell
MSFT,Sell,Positive,Hold,Sell
MSFT,Sell,Positive,Sell,Sell
MSFT,Sell,Positive,Hold,Sell
MSFT,Sell,Positive,Hold,Sell
MSFT,Sell,Positive,Sell,Sell
MSFT,Sell,Negative,Hold,Sell
MSFT,Sell,Negative,Hold,Sell
MSFT,Sell,Negative,Hold,Sell
MSFT,Sell,Positive,Hold,Sell
MSFT,Sell,Positive,Hold,Sell
MSFT,Sell,Positive,Hold,Sell
MSFT,Sell,Negative,Buy,Sell
MSFT,Sell,Positive,Buy,Buy
MSFT,Sell,Positive,Sell,Sell
MSFT,Sell,Positive,Hold,Sell
MSFT,Sell,Positive,Hold,Sell
MSFT,Sell,Positive,Hold,Sell
MSFT,Sell,Positive,Hold,Sell
MSFT,Sell,Positive,Hold,Sell
MSFT,Sell,Positive,Hold,Sell
MSFT,Sell,Positive,Hold,Sell
MSFT,Sell,Positive,Hold,Sell
MSFT,Sell,Positive,Hold,Sell
MSFT,Sell,Negative,Hold,Sell
MSFT,Sell,Negative,Hold,Sell
MSFT,Sell,Negative,Hold,Sell
MSFT,Sell,Positive,Hold,Sell
MSFT,Sell,Positive,Buy,Buy
MSFT,Sell,Positive,Hold,Sell
MSFT,Sell,Negative,Hold,Sell
MSFT,Sell,Negative,Hold,Sell
MSFT,Sell,Positive,Hold,Sell
MSFT,Sell,Positive,Buy,Buy
MSFT,Sell,Positive,Buy,Buy
MSFT,Sell,Positive,Buy,Buy
MSFT,Sell,Positive,Buy,Buy
MSFT,Sell,Positive,Buy,Buy
MSFT,Sell,Positive,Buy,Buy
MSFT,Sell,Negative,Buy,Sell
MSFT,Sell,Negative,Hold,Sell
MSFT,Sell,Negative,Buy,Sell
MSFT,Sell,Negative,Buy,Sell
MSFT,Sell,Positive,Hold,Sell
MSFT,Sell,Negative,Buy,Sell
MSFT,Sell,Positive,Hold,Sell
MSFT,Sell,Positive,Buy,Buy
MSFT,Sell,Positive,Hold,Sell
MSFT,Sell,Negative,Hold,Sell
MSFT,Sell,Positive,Hold,Sell
MSFT,Sell,Positive,Buy,Buy
MSFT,Sell,Positive,Buy,Buy
MSFT,Sell,Positive,Hold,Sell
MSFT,Sell,Positive,Hold,Sell
MSFT,Sell,Negative,Buy,Sell
MSFT,Sell,Positive,Buy,Buy
MSFT,Sell,Positive,Buy,Buy
MSFT,Sell,Positive,Buy,Buy
MSFT,Sell,Positive,Hold,Sell
MSFT,Sell,Positive,Hold,Sell
MSFT,Sell,Negative,Hold,Sell
MSFT,Sell,Positive,Hold,Sell
MSFT,Sell,Positive,Hold,Sell
MSFT,Sell,Positive,Hold,Sell
MSFT,Sell,Positive,Buy,Buy
MSFT,Sell,Positive,Hold,Sell
MSFT,Sell,Negative,Hold,Sell
MSFT,Sell,Positive,Hold,Sell
MSFT,Sell,Positive,Hold,Sell
MSFT,Sell,Negative,Hold,Sell
MSFT,Sell,Positive,Hold,Sell
MSFT,Sell,Positive,Sell,Sell
MSFT,Sell,Negative,Hold,Sell
MSFT,Sell,Positive,Hold,Sell
MSFT,Sell,Negative,Hold,Sell
MSFT,Sell,Positive,Hold,Sell
MSFT,Sell,Negative,Sell,Sell
MSFT,Sell,Positive,Hold,Sell
MSFT,Sell,Positive,Hold,Sell
MSFT,Sell,Positive,Hold,Sell
MSFT,Sell,Positive,Hold,Sell
MSFT,Sell,Positive,Hold,Sell
MSFT,Sell,Negative,Buy,Sell
MSFT,Sell,Negative,Hold,Sell
MSFT,Sell,Negative,Hold,Sell
MSFT,Sell,Positive,Buy,Buy
MSFT,Sell,Negative,Buy,Sell
MSFT,Sell,Positive,Buy,Buy
MSFT,Sell,Positive,Buy,Buy
MSFT,Sell,Positive,Buy,Buy
MSFT,Sell,Positive,Hold,Sell
MSFT,Sell,Positive,Buy,Buy
MSFT,Sell,Positive,Hold,Sell
MSFT,Sell,Negative,Buy,Sell
MSFT,Sell,Positive,Hold,Sell
MSFT,Sell,Positive,Buy,Buy
MSFT,Sell,Positive,Buy,Buy
MSFT,Sell,Positive,Hold,Sell
MSFT,Sell,Positive,Buy,Buy
MSFT,Sell,Negative,Hold,Sell
MSFT,Sell,Positive,Buy,Buy
MSFT,Sell,Positive,Hold,Sell
MSFT,Sell,Positive,Buy,Buy
MSFT,Sell,Positive,Buy,Buy
MSFT,Sell,Negative,Hold,Sell
MSFT,Sell,Positive,Hold,Sell
MSFT,Sell,Positive,Buy,Buy
MSFT,Sell,Negative,Buy,Sell
MSFT,Sell,Positive,Hold,Sell
MSFT,Sell,Positive,Hold,Sell
MSFT,Sell,Positive,Hold,Sell
MSFT,Sell,Negative,Hold,Sell
MSFT,Sell,Positive,Hold,Sell
MSFT,Sell,Negative,Buy,Sell
MSFT,Sell,Positive,Hold,Sell
MSFT,Sell,Positive,Buy,Buy
MSFT,Sell,Positive,Hold,Sell
MSFT,Sell,Negative,Hold,Sell
MSFT,Sell,Negative,Hold,Sell
MSFT,Sell,Negative,Hold,Sell
MSFT,Sell,Positive,Hold,Sell
MSFT,Sell,Negative,Hold,Sell
MSFT,Sell,Negative,Hold,Sell
MSFT,Sell,Positive,Hold,Sell
MSFT,Sell,Positive,Hold,Sell
MSFT,Sell,Negative,Hold,Sell
MSFT,Sell,Positive,Hold,Sell
MSFT,Sell,Positive,Hold,Sell
MSFT,Sell,Positive,Sell,Sell
MSFT,Sell,Negative,Hold,Sell
MSFT,Sell,Positive,Hold,Sell
MSFT,Sell,Positive,Hold,Sell
MSFT,Sell,Positive,Hold,Sell
MSFT,Sell,Positive,Sell,Sell
MSFT,Sell,Negative,Hold,Sell
MSFT,Sell,Positive,Hold,Sell
MSFT,Sell,Positive,Hold,Sell
MSFT,Sell,Positive,Sell,Sell
MSFT,Sell,Positive,Sell,Sell
MSFT,Sell,Negative,Hold,Sell
MSFT,Sell,Negative,Hold,Sell
MSFT,Sell,Positive,Sell,Sell
MSFT,Sell,Positive,Sell,Sell
MSFT,Sell,Negative,Hold,Sell
MSFT,Sell,Positive,Hold,Sell
MSFT,Sell,Negative,Hold,Sell
MSFT,Sell,Negative,Sell,Sell
MSFT,Sell,Positive,Hold,Sell
MSFT,Sell,Positive,Sell,Sell
MSFT,Sell,Positive,Hold,Sell
MSFT,Sell,Positive,Hold,Sell
MSFT,Sell,Positive,Hold,Sell
MSFT,Sell,Positive,Sell,Sell
MSFT,Sell,Negative,Sell,Sell
MSFT,Sell,Positive,Sell,Sell
MSFT,Sell,Negative,Sell,Sell
MSFT,Sell,Negative,Sell,Sell
MSFT,Sell,Positive,Hold,Sell
MSFT,Sell,Positive,Sell,Sell
MSFT,Sell,Positive,Sell,Sell
MSFT,Sell,Positive,Hold,Sell
MSFT,Sell,Positive,Hold,Sell
MSFT,Sell,Positive,Hold,Sell
MSFT,Sell,Positive,Buy,Buy
MSFT,Sell,Positive,Buy,Buy
MSFT,Sell,Positive,Buy,Buy
MSFT,Sell,Positive,Hold,Sell
MSFT,Sell,Positive,Buy,Buy
MSFT,Sell,Positive,Buy,Buy
MSFT,Sell,Positive,Buy,Buy
MSFT,Sell,Negative,Hold,Sell
MSFT,Sell,Negative,Buy,Sell
MSFT,Sell,Positive,Buy,Buy
MSFT,Sell,Positive,Buy,Buy
MSFT,Sell,Negative,Buy,Sell
MSFT,Sell,Negative,Hold,Sell
MSFT,Sell,Positive,Buy,Buy
MSFT,Sell,Positive,Buy,Buy
MSFT,Sell,Positive,Hold,Sell
MSFT,Sell,Negative,Hold,Sell
MSFT,Sell,Negative,Buy,Sell
MSFT,Sell,Negative,Hold,Sell
MSFT,Sell,Positive,Hold,Sell
MSFT,Sell,Positive,Hold,Sell
MSFT,Sell,Positive,Buy,Buy
MSFT,Sell,Negative,Buy,Sell
MSFT,Sell,Positive,Buy,Buy
MSFT,Sell,Positive,Buy,Buy
MSFT,Sell,Positive,Buy,Buy
MSFT,Sell,Positive,Hold,Sell
MSFT,Sell,Positive,Hold,Sell
MSFT,Sell,Positive,Hold,Sell
MSFT,Sell,Positive,Hold,Sell
MSFT,Sell,Positive,Hold,Sell
MSFT,Sell,Negative,Hold,Sell
MSFT,Sell,Positive,Hold,Sell
MSFT,Sell,Positive,Hold,Sell
MSFT,Sell,Negative,Hold,Sell
MSFT,Sell,Positive,Sell,Sell
MSFT,Sell,Positive,Hold,Sell
MSFT,Sell,Positive,Sell,Sell
MSFT,Sell,Positive,Hold,Sell
MSFT,Sell,Positive,Hold,Sell
MSFT,Sell,Positive,Hold,Sell
MSFT,Sell,Negative,Hold,Sell
MSFT,Sell,Negative,Hold,Sell
MSFT,Sell,Positive,Sell,Sell
MSFT,Sell,Positive,Hold,Sell
MSFT,Sell,Positive,Hold,Sell
MSFT,Sell,Positive,Hold,Sell
MSFT,Sell,Positive,Buy,Buy
MSFT,Sell,Positive,Hold,Sell
MSFT,Sell,Positive,Hold,Sell
MSFT,Sell,Positive,Hold,Sell
MSFT,Sell,Positive,Hold,Sell
MSFT,Sell,Positive,Hold,Sell
MSFT,Sell,Positive,Hold,Sell
MSFT,Sell,Positive,Sell,Sell
MSFT,Sell,Positive,Hold,Sell
MSFT,Sell,Positive,Hold,Sell
MSFT,Sell,Positive,Hold,Sell
MSFT,Sell,Positive,Hold,Sell
MSFT,Sell,Positive,Hold,Sell
MSFT,Sell,Positive,Hold,Sell
MSFT,Sell,Positive,Hold,Sell
MSFT,Sell,Positive,Hold,Sell
MSFT,Sell,Positive,Hold,Sell
MSFT,Sell,Positive,Hold,Sell
MSFT,Sell,Positive,Sell,Sell
MSFT,Sell,Positive,Hold,Sell
MSFT,Sell,Positive,Hold,Sell
MSFT,Sell,Positive,Hold,Sell
MSFT,Sell,Positive,Hold,Sell
MSFT,Sell,Positive,Buy,Buy
MSFT,Sell,Positive,Hold,Sell
MSFT,Sell,Positive,Hold,Sell
MSFT,Sell,Positive,Hold,Sell
MSFT,Sell,Negative,Hold,Sell
MSFT,Sell,Positive,Sell,Sell
MSFT,Sell,Positive,Hold,Sell
MSFT,Sell,Positive,Hold,Sell
MSFT,Sell,Negative,Sell,Sell
MSFT,Sell,Positive,Sell,Sell
MSFT,Sell,Negative,Sell,Sell
MSFT,Sell,Positive,Sell,Sell
MSFT,Sell,Positive,Sell,Sell
MSFT,Sell,Positive,Sell,Sell
MSFT,Sell,Positive,Sell,Sell
MSFT,Sell,Positive,Sell,Sell
MSFT,Sell,Positive,Sell,Sell
MSFT,Sell,Positive,Sell,Sell
MSFT,Sell,Positive,Sell,Sell
MSFT,Sell,Positive,Sell,Sell
MSFT,Sell,Positive,Hold,Sell
MSFT,Sell,Positive,Sell,Sell
MSFT,Sell,Positive,Sell,Sell
MSFT,Sell,Positive,Sell,Sell
MSFT,Sell,Positive,Hold,Sell
MSFT,Sell,Positive,Sell,Sell
MSFT,Sell,Negative,Sell,Sell
MSFT,Sell,Positive,Hold,Sell
MSFT,Sell,Positive,Sell,Sell
MSFT,Sell,Negative,Sell,Sell
MSFT,Sell,Positive,Sell,Sell
MSFT,Sell,Positive,Sell,Sell
MSFT,Sell,Positive,Sell,Sell
MSFT,Sell,Positive,Hold,Sell
MSFT,Sell,Positive,Buy,Buy
MSFT,Sell,Positive,Buy,Buy
MSFT,Sell,Positive,Buy,Buy
MSFT,Sell,Positive,Buy,Buy
MSFT,Sell,Negative,Buy,Sell
MSFT,Sell,Positive,Hold,Sell
MSFT,Sell,Positive,Buy,Buy
MSFT,Sell,Positive,Buy,Buy
MSFT,Sell,Positive,Buy,Buy
MSFT,Sell,Positive,Buy,Buy
MSFT,Sell,Positive,Hold,Sell
MSFT,Sell,Positive,Buy,Buy
MSFT,Sell,Positive,Hold,Sell
MSFT,Sell,Positive,Buy,Buy
MSFT,Sell,Positive,Hold,Sell
MSFT,Sell,Negative,Buy,Sell
MSFT,Sell,Positive,Hold,Sell
MSFT,Sell,Positive,Buy,Buy
MSFT,Sell,Positive,Buy,Buy
MSFT,Sell,Positive,Hold,Sell
MSFT,Sell,Negative,Hold,Sell
MSFT,Sell,Positive,Buy,Buy
MSFT,Sell,Positive,Buy,Buy
MSFT,Sell,Positive,Hold,Sell
MSFT,Sell,Positive,Hold,Sell
MSFT,Sell,Positive,Hold,Sell
MSFT,Sell,Positive,Hold,Sell
MSFT,Sell,Positive,Buy,Buy
MSFT,Sell,Positive,Hold,Sell
MSFT,Sell,Positive,Hold,Sell
MSFT,Sell,Positive,Hold,Sell
MSFT,Sell,Positive,Sell,Sell
MSFT,Sell,Positive,Buy,Buy
MSFT,Sell,Positive,Hold,Sell
MSFT,Sell,Positive,Hold,Sell
MSFT,Sell,Positive,Hold,Sell
MSFT,Sell,Negative,Hold,Sell
MSFT,Sell,Positive,Hold,Sell
MSFT,Sell,Positive,Hold,Sell
MSFT,Sell,Positive,Hold,Sell
MSFT,Sell,Negative,Hold,Sell
MSFT,Sell,Positive,Hold,Sell
MSFT,Sell,Positive,Hold,Sell
MSFT,Sell,Negative,Hold,Sell
MSFT,Sell,Negative,Buy,Sell
MSFT,Sell,Positive,Hold,Sell
MSFT,Sell,Negative,Hold,Sell
MSFT,Sell,Positive,Hold,Sell
MSFT,Sell,Positive,Hold,Sell
MSFT,Sell,Negative,Hold,Sell
MSFT,Sell,Positive,Hold,Sell
MSFT,Sell,Negative,Buy,Sell
MSFT,Sell,Positive,Buy,Buy
MSFT,Sell,Positive,Buy,Buy
MSFT,Sell,Negative,Buy,Sell
MSFT,Sell,Positive,Buy,Buy
MSFT,Sell,Positive,Hold,Sell
MSFT,Sell,Positive,Buy,Buy
MSFT,Sell,Positive,Buy,Buy
MSFT,Sell,Positive,Hold,Sell
MSFT,Sell,Positive,Hold,Sell
MSFT,Sell,Positive,Hold,Sell
MSFT,Sell,Positive,Hold,Sell
MSFT,Sell,Negative,Buy,Sell
MSFT,Sell,Positive,Hold,Sell
MSFT,Sell,Positive,Hold,Sell
MSFT,Sell,Positive,Hold,Sell
MSFT,Sell,Positive,Hold,Sell
MSFT,Sell,Positive,Hold,Sell
MSFT,Sell,Positive,Buy,Buy
MSFT,Sell,Positive,Buy,Buy
MSFT,Sell,Negative,Hold,Sell
MSFT,Sell,Positive,Hold,Sell
MSFT,Sell,Negative,Buy,Sell
MSFT,Sell,Positive,Buy,Buy
MSFT,Sell,Negative,Hold,Sell
MSFT,Sell,Positive,Hold,Sell
MSFT,Sell,Positive,Hold,Sell
MSFT,Sell,Positive,Hold,Sell
MSFT,Sell,Positive,Hold,Sell
MSFT,Sell,Positive,Hold,Sell
MSFT,Sell,Positive,Hold,Sell
MSFT,Sell,Positive,Hold,Sell
MSFT,Sell,Negative,Hold,Sell
MSFT,Sell,Positive,Hold,Sell
MSFT,Sell,Positive,Hold,Sell
MSFT,Sell,Negative,Hold,Sell
MSFT,Sell,Negative,Buy,Sell
MSFT,Sell,Positive,Buy,Buy
MSFT,Sell,Negative,Sell,Sell
MSFT,Sell,Positive,Hold,Sell
MSFT,Sell,Positive,Buy,Buy
MSFT,Sell,Negative,Hold,Sell
MSFT,Sell,Negative,Buy,Sell
MSFT,Sell,Negative,Hold,Sell
MSFT,Sell,Positive,Hold,Sell
MSFT,Sell,Positive,Hold,Sell
MSFT,Sell,Positive,Hold,Sell
MSFT,Sell,Positive,Hold,Sell
MSFT,Sell,Negative,Hold,Sell
MSFT,Sell,Positive,Hold,Sell
MSFT,Sell,Negative,Hold,Sell
MSFT,Sell,Negative,Hold,Sell
MSFT,Sell,Positive,Hold,Sell
MSFT,Sell,Negative,Buy,Sell
MSFT,Sell,Positive,Hold,Sell
MSFT,Sell,Positive,Buy,Buy
MSFT,Sell,Negative,Hold,Sell
MSFT,Sell,Positive,Hold,Sell
MSFT,Sell,Positive,Hold,Sell
MSFT,Sell,Positive,Buy,Buy
MSFT,Sell,Negative,Hold,Sell
MSFT,Sell,Positive,Hold,Sell
MSFT,Sell,Positive,Buy,Buy
MSFT,Sell,Positive,Hold,Sell
MSFT,Sell,Positive,Buy,Buy
MSFT,Sell,Positive,Hold,Sell
MSFT,Sell,Positive,Hold,Sell
MSFT,Sell,Negative,Hold,Sell
MSFT,Sell,Positive,Hold,Sell
MSFT,Sell,Positive,Hold,Sell
MSFT,Sell,Positive,Buy,Buy
MSFT,Sell,Positive,Hold,Sell
MSFT,Sell,Negative,Hold,Sell
MSFT,Sell,Negative,Hold,Sell
MSFT,Sell,Positive,Hold,Sell
MSFT,Sell,Positive,Hold,Sell
MSFT,Sell,Positive,Hold,Sell
MSFT,Sell,Positive,Hold,Sell
MSFT,Sell,Negative,Hold,Sell
MSFT,Sell,Negative,Buy,Sell
MSFT,Sell,Negative,Buy,Sell
MSFT,Sell,Negative,Buy,Sell
MSFT,Sell,Positive,Hold,Sell
MSFT,Sell,Negative,Hold,Sell
MSFT,Sell,Negative,Hold,Sell
MSFT,Sell,Positive,Hold,Sell
MSFT,Sell,Positive,Hold,Sell
MSFT,Sell,Positive,Hold,Sell
MSFT,Sell,Positive,Sell,Sell
MSFT,Sell,Positive,Hold,Sell
MSFT,Sell,Positive,Hold,Sell
MSFT,Sell,Negative,Hold,Sell
MSFT,Sell,Positive,Hold,Sell
MSFT,Sell,Positive,Hold,Sell
MSFT,Sell,Positive,Sell,Sell
MSFT,Sell,Negative,Hold,Sell
MSFT,Sell,Negative,Buy,Sell
MSFT,Sell,Negative,Hold,Sell
MSFT,Sell,Positive,Hold,Sell
MSFT,Sell,Positive,Hold,Sell
MSFT,Sell,Negative,Buy,Sell
MSFT,Sell,Negative,Hold,Sell
MSFT,Sell,Positive,Hold,Sell
MSFT,Sell,Positive,Hold,Sell
MSFT,Sell,Positive,Hold,Sell
MSFT,Sell,Positive,Sell,Sell
MSFT,Sell,Positive,Sell,Sell
MSFT,Sell,Positive,Sell,Sell
MSFT,Sell,Positive,Hold,Sell
MSFT,Sell,Negative,Sell,Sell
MSFT,Sell,Negative,Hold,Sell
MSFT,Sell,Positive,Sell,Sell
MSFT,Sell,Negative,Hold,Sell
MSFT,Sell,Negative,Sell,Sell
MSFT,Sell,Negative,Sell,Sell
MSFT,Sell,Positive,Hold,Sell
MSFT,Sell,Positive,Hold,Sell
MSFT,Sell,Positive,Hold,Sell
MSFT,Sell,Positive,Hold,Sell
MSFT,Sell,Negative,Hold,Sell
MSFT,Sell,Positive,Hold,Sell
MSFT,Sell,Positive,Hold,Sell
MSFT,Sell,Negative,Sell,Sell
MSFT,Sell,Positive,Sell,Sell
MSFT,Sell,Positive,Hold,Sell
MSFT,Sell,Positive,Hold,Sell
MSFT,Sell,Positive,Sell,Sell
MSFT,Sell,Negative,Sell,Sell
MSFT,Sell,Positive,Hold,Sell
MSFT,Sell,Negative,Hold,Sell
MSFT,Sell,Negative,Hold,Sell
MSFT,Sell,Positive,Hold,Sell
MSFT,Sell,Negative,Hold,Sell
MSFT,Sell,Positive,Buy,Buy
MSFT,Sell,Positive,Hold,Sell
MSFT,Sell,Negative,Hold,Sell
MSFT,Sell,Positive,Sell,Sell
MSFT,Sell,Negative,Hold,Sell
MSFT,Sell,Negative,Hold,Sell
MSFT,Sell,Positive,Hold,Sell
MSFT,Sell,Negative,Hold,Sell
MSFT,Sell,Positive,Hold,Sell
MSFT,Sell,Positive,Hold,Sell
MSFT,Sell,Positive,Hold,Sell
MSFT,Sell,Positive,Hold,Sell
MSFT,Sell,Positive,Hold,Sell
MSFT,Sell,Positive,Hold,Sell
MSFT,Sell,Negative,Sell,Sell
MSFT,Sell,Positive,Hold,Sell
MSFT,Sell,Positive,Hold,Sell
MSFT,Sell,Positive,Hold,Sell
MSFT,Sell,Negative,Hold,Sell
MSFT,Sell,Positive,Hold,Sell
MSFT,Sell,Positive,Hold,Sell
MSFT,Sell,Positive,Hold,Sell
MSFT,Sell,Negative,Hold,Sell
MSFT,Sell,Positive,Hold,Sell
MSFT,Sell,Positive,Sell,Sell
MSFT,Sell,Negative,Sell,Sell
MSFT,Sell,Negative,Sell,Sell
MSFT,Sell,Negative,Sell,Sell
MSFT,Sell,Negative,Sell,Sell
MSFT,Sell,Negative,Hold,Sell
MSFT,Sell,Positive,Sell,Sell
MSFT,Sell,Positive,Sell,Sell
MSFT,Sell,Positive,Sell,Sell
MSFT,Sell,Negative,Hold,Sell
MSFT,Sell,Negative,Sell,Sell
MSFT,Sell,Positive,Sell,Sell
MSFT,Sell,Positive,Hold,Sell
MSFT,Sell,Positive,Sell,Sell
MSFT,Sell,Positive,Hold,Sell
MSFT,Sell,Positive,Hold,Sell
MSFT,Sell,Negative,Hold,Sell
MSFT,Sell,Positive,Sell,Sell
MSFT,Sell,Positive,Sell,Sell
MSFT,Sell,Positive,Hold,Sell
MSFT,Sell,Negative,Hold,Sell
MSFT,Sell,Negative,Hold,Sell
MSFT,Sell,Positive,Sell,Sell
MSFT,Sell,Negative,Hold,Sell
MSFT,Sell,Positive,Hold,Sell
MSFT,Sell,Positive,Buy,Buy
MSFT,Sell,Positive,Buy,Buy
MSFT,Sell,Negative,Buy,Sell
MSFT,Sell,Positive,Buy,Buy
MSFT,Sell,Negative,Buy,Sell
MSFT,Sell,Negative,Buy,Sell
MSFT,Sell,Positive,Buy,Buy
MSFT,Sell,Positive,Buy,Buy
MSFT,Sell,Negative,Hold,Sell
MSFT,Sell,Positive,Buy,Buy
MSFT,Sell,Negative,Buy,Sell
JPM,Sell,Positive,Buy,Buy
JPM,Sell,Positive,Buy,Buy
JPM,Sell,Negative,Hold,Sell
JPM,Sell,Positive,Hold,Sell
JPM,Sell,Positive,Buy,Buy
JPM,Sell,Positive,Buy,Buy
JPM,Sell,Negative,Hold,Sell
JPM,Sell,Positive,Buy,Buy
JPM,Sell,Negative,Buy,Sell
JPM,Sell,Positive,Buy,Buy
JPM,Sell,Positive,Hold,Sell
JPM,Sell,Positive,Buy,Buy
JPM,Sell,Negative,Hold,Sell
JPM,Sell,Negative,Hold,Sell
JPM,Sell,Positive,Buy,Buy
JPM,Sell,Positive,Buy,Buy
JPM,Sell,Positive,Buy,Buy
JPM,Sell,Negative,Hold,Sell
JPM,Sell,Positive,Hold,Sell
JPM,Sell,Positive,Hold,Sell
JPM,Sell,Positive,Buy,Buy
JPM,Sell,Positive,Hold,Sell
JPM,Sell,Positive,Hold,Sell
JPM,Sell,Positive,Hold,Sell
JPM,Sell,Negative,Hold,Sell
JPM,Sell,Positive,Hold,Sell
JPM,Sell,Negative,Buy,Sell
JPM,Sell,Positive,Hold,Sell
JPM,Sell,Positive,Hold,Sell
JPM,Sell,Positive,Hold,Sell
JPM,Sell,Positive,Hold,Sell
JPM,Sell,Positive,Hold,Sell
JPM,Sell,Negative,Hold,Sell
JPM,Sell,Positive,Hold,Sell
JPM,Sell,Negative,Buy,Sell
JPM,Sell,Positive,Buy,Buy
JPM,Sell,Positive,Buy,Buy
JPM,Sell,Positive,Sell,Sell
JPM,Sell,Negative,Hold,Sell
JPM,Sell,Negative,Hold,Sell
JPM,Sell,Negative,Hold,Sell
JPM,Sell,Positive,Buy,Buy
JPM,Sell,Positive,Hold,Sell
JPM,Sell,Positive,Hold,Sell
JPM,Sell,Positive,Buy,Buy
JPM,Sell,Negative,Buy,Sell
JPM,Sell,Positive,Sell,Sell
JPM,Sell,Positive,Hold,Sell
JPM,Sell,Positive,Hold,Sell
JPM,Sell,Negative,Hold,Sell
JPM,Sell,Positive,Hold,Sell
JPM,Sell,Negative,Hold,Sell
JPM,Sell,Positive,Hold,Sell
JPM,Sell,Positive,Hold,Sell
JPM,Sell,Positive,Hold,Sell
JPM,Sell,Positive,Hold,Sell
JPM,Sell,Negative,Hold,Sell
JPM,Sell,Positive,Buy,Buy
JPM,Sell,Positive,Hold,Sell
JPM,Sell,Positive,Hold,Sell
JPM,Sell,Negative,Hold,Sell
JPM,Sell,Positive,Hold,Sell
JPM,Sell,Positive,Hold,Sell
JPM,Sell,Positive,Sell,Sell
JPM,Sell,Positive,Hold,Sell
JPM,Sell,Negative,Hold,Sell
JPM,Sell,Negative,Hold,Sell
JPM,Sell,Negative,Hold,Sell
JPM,Sell,Negative,Sell,Sell
JPM,Sell,Positive,Sell,Sell
JPM,Sell,Negative,Sell,Sell
JPM,Sell,Positive,Sell,Sell
JPM,Sell,Positive,Hold,Sell
JPM,Sell,Negative,Sell,Sell
JPM,Sell,Positive,Sell,Sell
JPM,Sell,Positive,Hold,Sell
JPM,Sell,Positive,Sell,Sell
JPM,Sell,Negative,Hold,Sell
JPM,Sell,Negative,Sell,Sell
JPM,Sell,Positive,Hold,Sell
JPM,Sell,Positive,Sell,Sell
JPM,Sell,Negative,Sell,Sell
JPM,Sell,Positive,Sell,Sell
JPM,Sell,Negative,Hold,Sell
